Cboe Volume and Put/Call Ratio data – rekonstruiert aus Cboe Daily Market Statistics (https://www.cboe.com/us/options/market_statistics/daily/?dt=YYYY-MM-DD); abgerufen 2026-09-28; Equity ohne ETPs; nur Cboe Options Exchange; Werte unverändert übernommen.,,,,
, PRODUCT: EQUITY,,EXCHANGE: Cboe,
DATE,CALL,PUT,TOTAL,P/C Ratio
10/07/2019, 499571, 347481, 847052, 0.70
10/08/2019, 713496, 466426, 1179922, 0.65
10/09/2019, 586752, 346043, 932795, 0.59
10/10/2019, 818445, 476546, 1294991, 0.58
10/11/2019, 1197648, 664707, 1862355, 0.56
10/14/2019, 660651, 404221, 1064872, 0.61
10/15/2019, 1069358, 593020, 1662378, 0.55
10/16/2019, 936026, 588366, 1524392, 0.63
10/17/2019, 1019381, 609922, 1629303, 0.60
10/18/2019, 1227903, 845641, 2073544, 0.69
10/21/2019, 1021704, 623701, 1645405, 0.61
10/22/2019, 1072290, 648920, 1721210, 0.61
10/23/2019, 956983, 660252, 1617235, 0.69
10/24/2019, 1105727, 751053, 1856780, 0.68
10/25/2019, 1173928, 661480, 1835408, 0.56
10/28/2019, 869490, 446905, 1316395, 0.51
10/29/2019, 1108309, 611743, 1720052, 0.55
10/30/2019, 1112393, 669892, 1782285, 0.60
10/31/2019, 1138986, 807905, 1946891, 0.71
11/01/2019, 1310422, 693878, 2004300, 0.53
11/04/2019, 1478963, 791284, 2270247, 0.54
11/05/2019, 1225300, 711548, 1936848, 0.58
11/06/2019, 1110146, 696600, 1806746, 0.63
11/07/2019, 1406632, 753545, 2160177, 0.54
11/08/2019, 1234163, 732151, 1966314, 0.59
11/11/2019, 969084, 590474, 1559558, 0.61
11/12/2019, 1159298, 688530, 1847828, 0.59
11/13/2019, 1160880, 668607, 1829487, 0.58
11/14/2019, 1294073, 609311, 1903384, 0.47
11/15/2019, 1619511, 792026, 2411537, 0.49
11/18/2019, 1304347, 720252, 2024599, 0.55
11/19/2019, 1126583, 652013, 1778596, 0.58
11/20/2019, 1129381, 721353, 1850734, 0.64
11/21/2019, 998396, 584335, 1582731, 0.59
11/22/2019, 1134580, 659960, 1794540, 0.58
11/25/2019, 1005076, 636312, 1641388, 0.63
11/26/2019, 974479, 554578, 1529057, 0.57
11/27/2019, 980600, 572674, 1553274, 0.58
11/29/2019, 539757, 321000, 860757, 0.59
12/02/2019, 991538, 654018, 1645556, 0.66
12/03/2019, 1002067, 704556, 1706623, 0.70
12/04/2019, 883050, 478525, 1361575, 0.54
12/05/2019, 772662, 503919, 1276581, 0.65
12/06/2019, 1204287, 642603, 1846890, 0.53
12/09/2019, 918390, 587258, 1505648, 0.64
12/10/2019, 841591, 643178, 1484769, 0.76
12/11/2019, 1054117, 552622, 1606739, 0.52
12/12/2019, 1397487, 628085, 2025572, 0.45
12/13/2019, 1229503, 679551, 1909054, 0.55
12/16/2019, 1364870, 829401, 2194271, 0.61
12/17/2019, 1045818, 552848, 1598666, 0.53
12/18/2019, 1124873, 550271, 1675144, 0.49
12/19/2019, 1486504, 796768, 2283272, 0.54
12/20/2019, 1752106, 803198, 2555304, 0.46
12/23/2019, 1182137, 640391, 1822528, 0.54
12/24/2019, 590330, 304596, 894926, 0.52
12/26/2019, 1150283, 499232, 1649515, 0.43
12/27/2019, 1161024, 698615, 1859639, 0.60
12/30/2019, 871002, 511555, 1382557, 0.59
12/31/2019, 760196, 422179, 1182375, 0.56
01/02/2020, 1333827, 725916, 2059743, 0.54
01/03/2020, 1258189, 695127, 1953316, 0.55
01/06/2020, 1121238, 603208, 1724446, 0.54
01/07/2020, 1304013, 580154, 1884167, 0.44
01/08/2020, 1450970, 682223, 2133193, 0.47
01/09/2020, 1485671, 723324, 2208995, 0.49
01/10/2020, 1515448, 792527, 2307975, 0.52
01/13/2020, 1586946, 753352, 2340298, 0.47
01/14/2020, 1506113, 705510, 2211623, 0.47
01/15/2020, 1482887, 653908, 2136795, 0.44
01/16/2020, 1387840, 652812, 2040652, 0.47
01/17/2020, 1956612, 942903, 2899515, 0.48
01/21/2020, 1445405, 858881, 2304286, 0.59
01/22/2020, 1510844, 783164, 2294008, 0.52
01/23/2020, 1349003, 730953, 2079956, 0.54
01/24/2020, 1592996, 1118847, 2711843, 0.70
01/27/2020, 1194872, 759507, 1954379, 0.64
01/28/2020, 1210655, 662198, 1872853, 0.55
01/29/2020, 1607167, 799003, 2406170, 0.50
01/30/2020, 1303367, 792137, 2095504, 0.61
01/31/2020, 1455972, 1075941, 2531913, 0.74
02/03/2020, 1287956, 648800, 1936756, 0.50
02/04/2020, 1608168, 747690, 2355858, 0.46
02/05/2020, 1599026, 808829, 2407855, 0.51
02/06/2020, 1600245, 755509, 2355754, 0.47
02/07/2020, 1515811, 847311, 2363122, 0.56
02/10/2020, 1414307, 656586, 2070893, 0.46
02/11/2020, 1417842, 641153, 2058995, 0.45
02/12/2020, 1556161, 743929, 2300090, 0.48
02/13/2020, 1377718, 751487, 2129205, 0.55
02/14/2020, 1471438, 850778, 2322216, 0.58
02/18/2020, 1475253, 751922, 2227175, 0.51
02/19/2020, 1596564, 717581, 2314145, 0.45
02/20/2020, 1664769, 856246, 2521015, 0.51
02/21/2020, 1485491, 1077518, 2563009, 0.73
02/24/2020, 1383684, 962722, 2346406, 0.70
02/25/2020, 1267824, 1015406, 2283230, 0.80
02/26/2020, 1233708, 800233, 2033941, 0.65
02/27/2020, 1436103, 1240337, 2676440, 0.86
02/28/2020, 1304042, 1112870, 2416912, 0.85
03/02/2020, 1062043, 806588, 1868631, 0.76
03/03/2020, 1038088, 752878, 1790966, 0.73
03/04/2020, 1047554, 666483, 1714037, 0.64
03/05/2020, 1056610, 824483, 1881093, 0.78
03/06/2020, 1231604, 1090743, 2322347, 0.89
03/09/2020, 898490, 1005004, 1903494, 1.12
03/10/2020, 1005506, 751210, 1756716, 0.75
03/11/2020, 797129, 816566, 1613695, 1.02
03/12/2020, 966674, 1241546, 2208220, 1.28
03/13/2020, 1037556, 1041279, 2078835, 1.00
03/16/2020, 734341, 806342, 1540683, 1.10
03/17/2020, 900593, 778287, 1678880, 0.86
03/18/2020, 917376, 902924, 1820300, 0.98
03/19/2020, 928072, 814375, 1742447, 0.88
03/20/2020, 1028707, 856564, 1885271, 0.83
03/23/2020, 1091812, 679685, 1771497, 0.62
03/24/2020, 1227810, 767509, 1995319, 0.63
03/25/2020, 1196895, 779632, 1976527, 0.65
03/26/2020, 1296905, 757741, 2054646, 0.58
03/27/2020, 1069782, 747664, 1817446, 0.70
03/30/2020, 772439, 522484, 1294923, 0.68
03/31/2020, 707604, 495840, 1203444, 0.70
04/01/2020, 882471, 755713, 1638184, 0.86
04/02/2020, 921286, 755597, 1676883, 0.82
04/03/2020, 1046280, 868724, 1915004, 0.83
04/06/2020, 1119161, 768436, 1887597, 0.69
04/07/2020, 1262948, 826899, 2089847, 0.65
04/08/2020, 974237, 631901, 1606138, 0.65
04/09/2020, 1318236, 861742, 2179978, 0.65
04/13/2020, 940295, 613874, 1554169, 0.65
04/14/2020, 1241366, 722779, 1964145, 0.58
04/15/2020, 1152538, 808379, 1960917, 0.70
04/16/2020, 1452662, 854852, 2307514, 0.59
04/17/2020, 1442839, 859463, 2302302, 0.60
04/20/2020, 1135684, 619082, 1754766, 0.55
04/21/2020, 966903, 664394, 1631297, 0.69
04/22/2020, 1184375, 782681, 1967056, 0.66
04/23/2020, 1317514, 780299, 2097813, 0.59
04/24/2020, 1253805, 756299, 2010104, 0.60
04/27/2020, 1217762, 707818, 1925580, 0.58
04/28/2020, 1198975, 674049, 1873024, 0.56
04/29/2020, 1551748, 827010, 2378758, 0.53
04/30/2020, 1433662, 976674, 2410336, 0.68
05/01/2020, 1345685, 1111568, 2457253, 0.83
05/04/2020, 1029841, 709155, 1738996, 0.69
05/05/2020, 1311591, 777315, 2088906, 0.59
05/06/2020, 1209988, 717004, 1926992, 0.59
05/07/2020, 1402320, 827188, 2229508, 0.59
05/08/2020, 1672722, 883503, 2556225, 0.53
05/11/2020, 1312751, 658421, 1971172, 0.50
05/12/2020, 1596534, 960890, 2557424, 0.60
05/13/2020, 1524094, 1094429, 2618523, 0.72
05/14/2020, 1339347, 862408, 2201755, 0.64
05/15/2020, 1552030, 881836, 2433866, 0.57
05/18/2020, 1865157, 881210, 2746367, 0.47
05/19/2020, 1579305, 726080, 2305385, 0.46
05/20/2020, 1586908, 776526, 2363434, 0.49
05/21/2020, 1314366, 726128, 2040494, 0.55
05/22/2020, 1465700, 829094, 2294794, 0.57
05/26/2020, 1696962, 841103, 2538065, 0.50
05/27/2020, 1732933, 887609, 2620542, 0.51
05/28/2020, 1468284, 795854, 2264138, 0.54
05/29/2020, 1484746, 856668, 2341414, 0.58
06/01/2020, 1327596, 609687, 1937283, 0.46
06/02/2020, 1520610, 712611, 2233221, 0.47
06/03/2020, 2185151, 870428, 3055579, 0.40
06/04/2020, 2312656, 1004421, 3317077, 0.43
06/05/2020, 3163559, 1293929, 4457488, 0.41
06/08/2020, 2695339, 1009040, 3704379, 0.37
06/09/2020, 2209519, 877931, 3087450, 0.40
06/10/2020, 2213189, 1001145, 3214334, 0.45
06/11/2020, 2025579, 1414698, 3440277, 0.70
06/12/2020, 1684370, 1188914, 2873284, 0.71
06/15/2020, 1405026, 723451, 2128477, 0.51
06/16/2020, 1542255, 689307, 2231562, 0.45
06/17/2020, 1388340, 701367, 2089707, 0.51
06/18/2020, 1358526, 673020, 2031546, 0.50
06/19/2020, 2099357, 1190599, 3289956, 0.57
06/22/2020, 1535400, 728457, 2263857, 0.47
06/23/2020, 1476824, 668096, 2144920, 0.45
06/24/2020, 1390489, 868951, 2259440, 0.62
06/25/2020, 1346175, 733386, 2079561, 0.54
06/26/2020, 1330695, 980871, 2311566, 0.74
06/29/2020, 1222836, 673239, 1896075, 0.55
06/30/2020, 1230390, 636536, 1866926, 0.52
07/01/2020, 1282915, 595224, 1878139, 0.46
07/02/2020, 1444456, 736885, 2181341, 0.51
07/06/2020, 1563004, 661404, 2224408, 0.42
07/07/2020, 1349541, 604746, 1954287, 0.45
07/08/2020, 1511879, 605058, 2116937, 0.40
07/09/2020, 1568987, 693243, 2262230, 0.44
07/10/2020, 1646482, 761475, 2407957, 0.46
07/13/2020, 1897925, 786569, 2684494, 0.41
07/14/2020, 1568423, 673854, 2242277, 0.43
07/15/2020, 1867207, 712876, 2580083, 0.38
07/16/2020, 1539084, 718360, 2257444, 0.47
07/17/2020, 1949423, 897115, 2846538, 0.46
07/20/2020, 1656284, 749045, 2405329, 0.45
07/21/2020, 1581685, 614153, 2195838, 0.39
07/22/2020, 1392121, 678617, 2070738, 0.49
07/23/2020, 1724209, 919533, 2643742, 0.53
07/24/2020, 1585403, 951677, 2537080, 0.60
07/27/2020, 1398087, 609282, 2007369, 0.44
07/28/2020, 1232927, 612633, 1845560, 0.50
07/29/2020, 1449377, 733820, 2183197, 0.51
07/30/2020, 1415570, 777341, 2192911, 0.55
07/31/2020, 1822719, 988223, 2810942, 0.54
08/03/2020, 1805158, 791141, 2596299, 0.44
08/04/2020, 1752860, 737816, 2490676, 0.42
08/05/2020, 1808053, 735924, 2543977, 0.41
08/06/2020, 2005417, 847513, 2852930, 0.42
08/07/2020, 1980312, 1005345, 2985657, 0.51
08/10/2020, 1854444, 760140, 2614584, 0.41
08/11/2020, 1865830, 834426, 2700256, 0.45
08/12/2020, 1493331, 694477, 2187808, 0.47
08/13/2020, 1507874, 686351, 2194225, 0.46
08/14/2020, 1567100, 853261, 2420361, 0.54
08/17/2020, 1504469, 743602, 2248071, 0.49
08/18/2020, 1412902, 645566, 2058468, 0.46
08/19/2020, 1596290, 686409, 2282699, 0.43
08/20/2020, 1545008, 709994, 2255002, 0.46
08/21/2020, 1913619, 856488, 2770107, 0.45
08/24/2020, 1615054, 676288, 2291342, 0.42
08/25/2020, 1570304, 660011, 2230315, 0.42
08/26/2020, 1673399, 656741, 2330140, 0.39
08/27/2020, 1709991, 642406, 2352397, 0.38
08/28/2020, 1621394, 675406, 2296800, 0.42
08/31/2020, 1672941, 758043, 2430984, 0.45
09/01/2020, 1750852, 704978, 2455830, 0.40
09/02/2020, 1947282, 778420, 2725702, 0.40
09/03/2020, 1700963, 992615, 2693578, 0.58
09/04/2020, 1653283, 1106652, 2759935, 0.67
09/08/2020, 1431303, 819321, 2250624, 0.57
09/09/2020, 1430596, 885292, 2315888, 0.62
09/10/2020, 1334034, 717571, 2051605, 0.54
09/11/2020, 1540602, 1028396, 2568998, 0.67
09/14/2020, 1501382, 740537, 2241919, 0.49
09/15/2020, 1486539, 691226, 2177765, 0.46
09/16/2020, 1568651, 795097, 2363748, 0.51
09/17/2020, 1420242, 825350, 2245592, 0.58
09/18/2020, 1822573, 1140448, 2963021, 0.63
09/21/2020, 1483815, 726161, 2209976, 0.49
09/22/2020, 1299264, 707881, 2007145, 0.54
09/23/2020, 1434978, 729201, 2164179, 0.51
09/24/2020, 1189353, 750927, 1940280, 0.63
09/25/2020, 1269662, 711439, 1981101, 0.56
09/28/2020, 1262838, 574225, 1837063, 0.45
09/29/2020, 1144245, 563462, 1707707, 0.49
09/30/2020, 1380574, 619040, 1999614, 0.45
10/01/2020, 1447130, 723595, 2170725, 0.50
10/02/2020, 1411814, 756387, 2168201, 0.54
10/05/2020, 1290402, 629165, 1919567, 0.49
10/06/2020, 1458586, 668415, 2127001, 0.46
10/07/2020, 1328755, 561033, 1889788, 0.42
10/08/2020, 1577404, 610755, 2188159, 0.39
10/09/2020, 1650528, 732415, 2382943, 0.44
10/12/2020, 1801066, 730293, 2531359, 0.41
10/13/2020, 1712587, 665706, 2378293, 0.39
10/14/2020, 1680115, 795510, 2475625, 0.47
10/15/2020, 1558538, 710367, 2268905, 0.46
10/16/2020, 1962568, 889370, 2851938, 0.45
10/19/2020, 1648271, 712078, 2360349, 0.43
10/20/2020, 1316534, 682913, 1999447, 0.52
10/21/2020, 1456615, 735092, 2191707, 0.50
10/22/2020, 1564714, 745332, 2310046, 0.48
10/23/2020, 1564949, 823732, 2388681, 0.53
10/26/2020, 1224140, 724038, 1948178, 0.59
10/27/2020, 1209498, 574723, 1784221, 0.48
10/28/2020, 1351568, 874800, 2226368, 0.65
10/29/2020, 1506429, 778792, 2285221, 0.52
10/30/2020, 1479537, 1139238, 2618775, 0.77
11/02/2020, 1187635, 734787, 1922422, 0.62
11/03/2020, 1242023, 557772, 1799795, 0.45
11/04/2020, 1397767, 632066, 2029833, 0.45
11/05/2020, 1689855, 748885, 2438740, 0.44
11/06/2020, 1869955, 766780, 2636735, 0.41
11/09/2020, 2512991, 934477, 3447468, 0.37
11/10/2020, 1717158, 885570, 2602728, 0.52
11/11/2020, 1432147, 657447, 2089594, 0.46
11/12/2020, 1592042, 835700, 2427742, 0.52
11/13/2020, 1837936, 924987, 2762923, 0.50
11/16/2020, 2070173, 885600, 2955773, 0.43
11/17/2020, 1646999, 807458, 2454457, 0.49
11/18/2020, 1997637, 838953, 2836590, 0.42
11/19/2020, 1879589, 859210, 2738799, 0.46
11/20/2020, 2229367, 892102, 3121469, 0.40
11/23/2020, 2550335, 1076098, 3626433, 0.42
11/24/2020, 2530206, 969758, 3499964, 0.38
11/25/2020, 1923778, 774808, 2698586, 0.40
11/27/2020, 1480541, 604682, 2085223, 0.41
11/30/2020, 2145699, 925281, 3070980, 0.43
12/01/2020, 2108660, 777886, 2886546, 0.37
12/02/2020, 1976734, 800630, 2777364, 0.41
12/03/2020, 2071393, 722418, 2793811, 0.35
12/04/2020, 2326353, 913604, 3239957, 0.39
12/07/2020, 2005329, 734686, 2740015, 0.37
12/08/2020, 1873314, 713879, 2587193, 0.38
12/09/2020, 1960700, 828555, 2789255, 0.42
12/10/2020, 1626457, 656533, 2282990, 0.40
12/11/2020, 1734103, 865345, 2599448, 0.50
12/14/2020, 1645860, 688100, 2333960, 0.42
12/15/2020, 1696804, 734494, 2431298, 0.43
12/16/2020, 1639130, 686216, 2325346, 0.42
12/17/2020, 1848581, 689930, 2538511, 0.37
12/18/2020, 2202152, 1019933, 3222085, 0.46
12/21/2020, 1810568, 854642, 2665210, 0.47
12/22/2020, 1975182, 727372, 2702554, 0.37
12/23/2020, 1645425, 672789, 2318214, 0.41
12/24/2020, 1103492, 593136, 1696628, 0.54
12/28/2020, 1725090, 760851, 2485941, 0.44
12/29/2020, 1594550, 719068, 2313618, 0.45
12/30/2020, 1493783, 699654, 2193437, 0.47
12/31/2020, 1574300, 881025, 2455325, 0.56
01/04/2021, 1823085, 852916, 2676001, 0.47
01/05/2021, 1584447, 718871, 2303318, 0.45
01/06/2021, 2333467, 914776, 3248243, 0.39
01/07/2021, 2150916, 808925, 2959841, 0.38
01/08/2021, 2190180, 958419, 3148599, 0.44
01/11/2021, 1909754, 792267, 2702021, 0.41
01/12/2021, 2168167, 731248, 2899415, 0.34
01/13/2021, 2113128, 723399, 2836527, 0.34
01/14/2021, 2612897, 946247, 3559144, 0.36
01/15/2021, 2662566, 1198355, 3860921, 0.45
01/19/2021, 2354016, 862030, 3216046, 0.37
01/20/2021, 2226172, 896151, 3122323, 0.40
01/21/2021, 2377227, 945883, 3323110, 0.40
01/22/2021, 2702329, 1087842, 3790171, 0.40
01/25/2021, 2901418, 1113345, 4014763, 0.38
01/26/2021, 2250596, 909331, 3159927, 0.40
01/27/2021, 2982213, 1188121, 4170334, 0.40
01/28/2021, 2321842, 927581, 3249423, 0.40
01/29/2021, 2095133, 1205778, 3300911, 0.58
02/01/2021, 2149212, 901138, 3050350, 0.42
02/02/2021, 2150633, 849843, 3000476, 0.40
02/03/2021, 2080684, 888040, 2968724, 0.43
02/04/2021, 2194397, 910641, 3105038, 0.41
02/05/2021, 2322261, 979654, 3301915, 0.42
02/08/2021, 2183528, 842784, 3026312, 0.39
02/09/2021, 2408810, 866548, 3275358, 0.36
02/10/2021, 2172811, 811330, 2984141, 0.37
02/11/2021, 2454819, 924122, 3378941, 0.38
02/12/2021, 2459222, 1107613, 3566835, 0.45
02/16/2021, 2364527, 983048, 3347575, 0.42
02/17/2021, 2157538, 836923, 2994461, 0.39
02/18/2021, 1897479, 971729, 2869208, 0.51
02/19/2021, 2667496, 1160016, 3827512, 0.43
02/22/2021, 2448251, 1055453, 3503704, 0.43
02/23/2021, 2144989, 953352, 3098341, 0.44
02/24/2021, 2178733, 770718, 2949451, 0.35
02/25/2021, 2103119, 982137, 3085256, 0.47
02/26/2021, 1852049, 1169976, 3022025, 0.63
03/01/2021, 1716972, 647614, 2364586, 0.38
03/02/2021, 1602882, 706163, 2309045, 0.44
03/03/2021, 1824577, 881751, 2706328, 0.48
03/04/2021, 2021045, 1093366, 3114411, 0.54
03/05/2021, 2038646, 1227237, 3265883, 0.60
03/08/2021, 1689666, 772747, 2462413, 0.46
03/09/2021, 1650469, 690668, 2341137, 0.42
03/10/2021, 1591478, 661249, 2252727, 0.42
03/11/2021, 1876501, 819376, 2695877, 0.44
03/12/2021, 1948294, 864000, 2812294, 0.44
03/15/2021, 1849649, 697941, 2547590, 0.38
03/16/2021, 1746313, 750521, 2496834, 0.43
03/17/2021, 1536125, 672104, 2208229, 0.44
03/18/2021, 1892145, 885228, 2777373, 0.47
03/19/2021, 1987260, 1006274, 2993534, 0.51
03/22/2021, 1655042, 641217, 2296259, 0.39
03/23/2021, 1568147, 684114, 2252261, 0.44
03/24/2021, 1719056, 986880, 2705936, 0.57
03/25/2021, 1813836, 1059842, 2873678, 0.58
03/26/2021, 1982441, 1143238, 3125679, 0.58
03/29/2021, 1530043, 778074, 2308117, 0.51
03/30/2021, 1578681, 760540, 2339221, 0.48
03/31/2021, 1905238, 797941, 2703179, 0.42
04/01/2021, 2250311, 952481, 3202792, 0.42
04/05/2021, 2082800, 794846, 2877646, 0.38
04/06/2021, 1774124, 721315, 2495439, 0.41
04/07/2021, 1572081, 731651, 2303732, 0.47
04/08/2021, 1520676, 683964, 2204640, 0.45
04/09/2021, 1820724, 914355, 2735079, 0.50
04/12/2021, 1596036, 771063, 2367099, 0.48
04/13/2021, 1856179, 813778, 2669957, 0.44
04/14/2021, 1815583, 780519, 2596102, 0.43
04/15/2021, 1916359, 912716, 2829075, 0.48
04/16/2021, 2104457, 926559, 3031016, 0.44
04/19/2021, 1664853, 750046, 2414899, 0.45
04/20/2021, 1581923, 753005, 2334928, 0.48
04/21/2021, 1522104, 653118, 2175222, 0.43
04/22/2021, 1657066, 859023, 2516089, 0.52
04/23/2021, 1679671, 922224, 2601895, 0.55
04/26/2021, 1491507, 648796, 2140303, 0.43
04/27/2021, 1448933, 721220, 2170153, 0.50
04/28/2021, 1598483, 690856, 2289339, 0.43
04/29/2021, 1788960, 842877, 2631837, 0.47
04/30/2021, 1434517, 842568, 2277085, 0.59
05/03/2021, 1388673, 702686, 2091359, 0.51
05/04/2021, 1449740, 814688, 2264428, 0.56
05/05/2021, 1423454, 657240, 2080694, 0.46
05/06/2021, 1539158, 877999, 2417157, 0.57
05/07/2021, 1711722, 873877, 2585599, 0.51
05/10/2021, 1544995, 906711, 2451706, 0.59
05/11/2021, 1436679, 817029, 2253708, 0.57
05/12/2021, 1325060, 838370, 2163430, 0.63
05/13/2021, 1416491, 896200, 2312691, 0.63
05/14/2021, 1573133, 847050, 2420183, 0.54
05/17/2021, 1350186, 742463, 2092649, 0.55
05/18/2021, 1392987, 662184, 2055171, 0.48
05/19/2021, 1169553, 678675, 1848228, 0.58
05/20/2021, 1537741, 744983, 2282724, 0.48
05/21/2021, 1915178, 1020055, 2935233, 0.53
05/24/2021, 1747614, 716669, 2464283, 0.41
05/25/2021, 1433599, 702675, 2136274, 0.49
05/26/2021, 1761292, 770164, 2531456, 0.44
05/27/2021, 2032962, 839497, 2872459, 0.41
05/28/2021, 2253286, 1005645, 3258931, 0.45
06/01/2021, 1813631, 756523, 2570154, 0.42
06/02/2021, 2210278, 824483, 3034761, 0.37
06/03/2021, 2329237, 948892, 3278129, 0.41
06/04/2021, 2116966, 941667, 3058633, 0.44
06/07/2021, 1917336, 815688, 2733024, 0.43
06/08/2021, 2072040, 717708, 2789748, 0.35
06/09/2021, 2241630, 800221, 3041851, 0.36
06/10/2021, 1959697, 833693, 2793390, 0.43
06/11/2021, 2132630, 1026411, 3159041, 0.48
06/14/2021, 2245333, 811038, 3056371, 0.36
06/15/2021, 1635902, 730060, 2365962, 0.45
06/16/2021, 1696200, 928859, 2625059, 0.55
06/17/2021, 2199915, 1072390, 3272305, 0.49
06/18/2021, 2413156, 1344807, 3757963, 0.56
06/21/2021, 1995708, 835471, 2831179, 0.42
06/22/2021, 1794842, 834658, 2629500, 0.47
06/23/2021, 1994698, 783715, 2778413, 0.39
06/24/2021, 2358833, 945820, 3304653, 0.40
06/25/2021, 2366542, 1133850, 3500392, 0.48
06/28/2021, 2195146, 929936, 3125082, 0.42
06/29/2021, 2051590, 872441, 2924031, 0.43
06/30/2021, 1876808, 748409, 2625217, 0.40
07/01/2021, 1934010, 859737, 2793747, 0.44
07/02/2021, 2169024, 1112185, 3281209, 0.51
07/06/2021, 2061310, 1041090, 3102400, 0.51
07/07/2021, 1864073, 961889, 2825962, 0.52
07/08/2021, 1696018, 999715, 2695733, 0.59
07/09/2021, 1831859, 979482, 2811341, 0.53
07/12/2021, 1656659, 807358, 2464017, 0.49
07/13/2021, 1682530, 813373, 2495903, 0.48
07/14/2021, 1972850, 971053, 2943903, 0.49
07/15/2021, 1846773, 1092007, 2938780, 0.59
07/16/2021, 2070737, 1435523, 3506260, 0.69
07/19/2021, 1912058, 1021614, 2933672, 0.53
07/20/2021, 1586892, 705388, 2292280, 0.44
07/21/2021, 1583815, 734820, 2318635, 0.46
07/22/2021, 1337094, 768366, 2105460, 0.57
07/23/2021, 1774857, 1085175, 2860032, 0.61
07/26/2021, 1454359, 781717, 2236076, 0.54
07/27/2021, 1354491, 805108, 2159599, 0.59
07/28/2021, 1581264, 821130, 2402394, 0.52
07/29/2021, 1862823, 901450, 2764273, 0.48
07/30/2021, 2237437, 1250022, 3487459, 0.56
08/02/2021, 1514498, 768576, 2283074, 0.51
08/03/2021, 1715881, 797901, 2513782, 0.47
08/04/2021, 1698171, 878254, 2576425, 0.52
08/05/2021, 1759796, 919572, 2679368, 0.52
08/06/2021, 1830088, 1013095, 2843183, 0.55
08/09/2021, 1634662, 793910, 2428572, 0.49
08/10/2021, 1785097, 776003, 2561100, 0.43
08/11/2021, 1594290, 835455, 2429745, 0.52
08/12/2021, 1776070, 944014, 2720084, 0.53
08/13/2021, 1846809, 1044589, 2891398, 0.57
08/16/2021, 1807254, 974621, 2781875, 0.54
08/17/2021, 1644448, 952493, 2596941, 0.58
08/18/2021, 1587460, 823604, 2411064, 0.52
08/19/2021, 1745151, 1060529, 2805680, 0.61
08/20/2021, 2049781, 1159180, 3208961, 0.57
08/23/2021, 1949901, 803336, 2753237, 0.41
08/24/2021, 1941274, 755280, 2696554, 0.39
08/25/2021, 1748253, 727423, 2475676, 0.42
08/26/2021, 1759273, 966642, 2725915, 0.55
08/27/2021, 1934138, 951728, 2885866, 0.49
08/30/2021, 1967593, 820023, 2787616, 0.42
08/31/2021, 1524578, 702613, 2227191, 0.46
09/01/2021, 1916195, 853514, 2769709, 0.45
09/02/2021, 2002306, 836111, 2838417, 0.42
09/03/2021, 1814174, 904697, 2718871, 0.50
09/07/2021, 1850854, 791544, 2642398, 0.43
09/08/2021, 1764746, 744039, 2508785, 0.42
09/09/2021, 1730247, 818857, 2549104, 0.47
09/10/2021, 1974443, 1053026, 3027469, 0.53
09/13/2021, 1869379, 863839, 2733218, 0.46
09/14/2021, 1738781, 953499, 2692280, 0.55
09/15/2021, 1626411, 802639, 2429050, 0.49
09/16/2021, 1644260, 808975, 2453235, 0.49
09/17/2021, 2237044, 1252097, 3489141, 0.56
09/20/2021, 1812590, 977766, 2790356, 0.54
09/21/2021, 1483524, 653095, 2136619, 0.44
09/22/2021, 1546372, 743781, 2290153, 0.48
09/23/2021, 1799270, 780742, 2580012, 0.43
09/24/2021, 1698715, 960087, 2658802, 0.57
09/27/2021, 1715601, 732745, 2448346, 0.43
09/28/2021, 1511463, 838184, 2349647, 0.55
09/29/2021, 1500243, 769624, 2269867, 0.51
09/30/2021, 1374743, 802263, 2177006, 0.58
10/01/2021, 1649745, 931131, 2580876, 0.56
10/04/2021, 1461600, 860308, 2321908, 0.59
10/05/2021, 1470933, 666169, 2137102, 0.45
10/06/2021, 1383256, 670051, 2053307, 0.48
10/07/2021, 1581381, 818687, 2400068, 0.52
10/08/2021, 1612148, 880088, 2492236, 0.55
10/11/2021, 1524931, 758841, 2283772, 0.50
10/12/2021, 1625516, 667732, 2293248, 0.41
10/13/2021, 1671935, 807209, 2479144, 0.48
10/14/2021, 1886696, 854832, 2741528, 0.45
10/15/2021, 2496034, 1198198, 3694232, 0.48
10/18/2021, 2210836, 926701, 3137537, 0.42
10/19/2021, 2014815, 798714, 2813529, 0.40
10/20/2021, 1899583, 788344, 2687927, 0.42
10/21/2021, 1852758, 815466, 2668224, 0.44
10/22/2021, 1835253, 969958, 2805211, 0.53
10/25/2021, 2058753, 852224, 2910977, 0.41
10/26/2021, 2177433, 942212, 3119645, 0.43
10/27/2021, 1942142, 990863, 2933005, 0.51
10/28/2021, 2293651, 837172, 3130823, 0.36
10/29/2021, 2328906, 1072154, 3401060, 0.46
11/01/2021, 2146764, 850869, 2997633, 0.40
11/02/2021, 2074116, 771670, 2845786, 0.37
11/03/2021, 2289531, 895868, 3185399, 0.39
11/04/2021, 2691258, 1045173, 3736431, 0.39
11/05/2021, 2729641, 1207536, 3937177, 0.44
11/08/2021, 2585974, 927588, 3513562, 0.36
11/09/2021, 2185877, 971926, 3157803, 0.44
11/10/2021, 2091119, 1006466, 3097585, 0.48
11/11/2021, 1890290, 822939, 2713229, 0.44
11/12/2021, 2224349, 1043675, 3268024, 0.47
11/15/2021, 2035495, 859044, 2894539, 0.42
11/16/2021, 2051403, 912357, 2963760, 0.44
11/17/2021, 2038907, 925027, 2963934, 0.45
11/18/2021, 2628868, 1182919, 3811787, 0.45
11/19/2021, 3080641, 1279913, 4360554, 0.42
11/22/2021, 2652602, 1069693, 3722295, 0.40
11/23/2021, 1968594, 1048734, 3017328, 0.53
11/24/2021, 1725659, 865886, 2591545, 0.50
11/26/2021, 1417752, 800807, 2218559, 0.56
11/29/2021, 1861775, 789256, 2651031, 0.42
11/30/2021, 1959025, 938394, 2897419, 0.48
12/01/2021, 1980462, 1022151, 3002613, 0.52
12/02/2021, 1646188, 1027420, 2673608, 0.62
12/03/2021, 1751674, 1292386, 3044060, 0.74
12/06/2021, 1514087, 810243, 2324330, 0.54
12/07/2021, 1702646, 726147, 2428793, 0.43
12/08/2021, 1540507, 689316, 2229823, 0.45
12/09/2021, 1626671, 867829, 2494500, 0.53
12/10/2021, 1757852, 1079134, 2836986, 0.61
12/13/2021, 1580040, 892637, 2472677, 0.56
12/14/2021, 1311641, 785445, 2097086, 0.60
12/15/2021, 1407608, 825919, 2233527, 0.59
12/16/2021, 1711278, 943564, 2654842, 0.55
12/17/2021, 1969419, 1167156, 3136575, 0.59
12/20/2021, 1615049, 758339, 2373388, 0.47
12/21/2021, 1731531, 845158, 2576689, 0.49
12/22/2021, 1571484, 732887, 2304371, 0.47
12/23/2021, 1943370, 960727, 2904097, 0.49
12/27/2021, 1609068, 726065, 2335133, 0.45
12/28/2021, 1470032, 669707, 2139739, 0.46
12/29/2021, 1297637, 713217, 2010854, 0.55
12/30/2021, 1671099, 819016, 2490115, 0.49
12/31/2021, 1614435, 894233, 2508668, 0.55
01/03/2022, 1933649, 823348, 2756997, 0.43
01/04/2022, 1864245, 872431, 2736676, 0.47
01/05/2022, 1762660, 1006303, 2768963, 0.57
01/06/2022, 1485961, 890330, 2376291, 0.60
01/07/2022, 1652085, 967508, 2619593, 0.59
01/10/2022, 1472539, 825226, 2297765, 0.56
01/11/2022, 1483830, 656274, 2140104, 0.44
01/12/2022, 1395742, 689970, 2085712, 0.49
01/13/2022, 1606265, 968729, 2574994, 0.60
01/14/2022, 1507393, 968563, 2475956, 0.64
01/18/2022, 1504553, 785836, 2290389, 0.52
01/19/2022, 1515439, 826149, 2341588, 0.55
01/20/2022, 1700829, 1062931, 2763760, 0.62
01/21/2022, 1963996, 1615347, 3579343, 0.82
01/24/2022, 1763804, 1175813, 2939617, 0.67
01/25/2022, 1192042, 730611, 1922653, 0.61
01/26/2022, 1537712, 858796, 2396508, 0.56
01/27/2022, 1483715, 1037462, 2521177, 0.70
01/28/2022, 1702176, 1225773, 2927949, 0.72
01/31/2022, 1453611, 771109, 2224720, 0.53
02/01/2022, 1323741, 699479, 2023220, 0.53
02/02/2022, 1394873, 722481, 2117354, 0.52
02/03/2022, 1286095, 966270, 2252365, 0.75
02/04/2022, 1569240, 950859, 2520099, 0.61
02/07/2022, 1266759, 667226, 1933985, 0.53
02/08/2022, 1291341, 753720, 2045061, 0.58
02/09/2022, 1772178, 777615, 2549793, 0.44
02/10/2022, 1754090, 862926, 2617016, 0.49
02/11/2022, 1669595, 1071054, 2740649, 0.64
02/14/2022, 1193096, 786297, 1979393, 0.66
02/15/2022, 1247342, 620915, 1868257, 0.50
02/16/2022, 1265720, 741951, 2007671, 0.59
02/17/2022, 1275941, 861837, 2137778, 0.68
02/18/2022, 1583965, 1150631, 2734596, 0.73
02/22/2022, 1295154, 717377, 2012531, 0.55
02/23/2022, 1230083, 814637, 2044720, 0.66
02/24/2022, 1610246, 1083871, 2694117, 0.67
02/25/2022, 1766910, 1012651, 2779561, 0.57
02/28/2022, 1347694, 662933, 2010627, 0.49
03/01/2022, 1501487, 749806, 2251293, 0.50
03/02/2022, 1391520, 766000, 2157520, 0.55
03/03/2022, 1433282, 848037, 2281319, 0.59
03/04/2022, 1569008, 1055335, 2624343, 0.67
03/07/2022, 1621113, 919354, 2540467, 0.57
03/08/2022, 1607613, 836057, 2443670, 0.52
03/09/2022, 1276276, 687010, 1963286, 0.54
03/10/2022, 1147583, 692848, 1840431, 0.60
03/11/2022, 1371814, 905113, 2276927, 0.66
03/14/2022, 1275855, 806218, 2082073, 0.63
03/15/2022, 1134926, 799228, 1934154, 0.70
03/16/2022, 1431576, 803124, 2234700, 0.56
03/17/2022, 1442464, 809169, 2251633, 0.56
03/18/2022, 2131456, 949432, 3080888, 0.45
03/21/2022, 1602929, 740418, 2343347, 0.46
03/22/2022, 1458972, 711212, 2170184, 0.49
03/23/2022, 1567316, 746595, 2313911, 0.48
03/24/2022, 1569275, 744271, 2313546, 0.47
03/25/2022, 1782357, 897405, 2679762, 0.50
03/28/2022, 1495870, 675880, 2171750, 0.45
03/29/2022, 1834495, 760870, 2595365, 0.41
03/30/2022, 1657933, 699520, 2357453, 0.42
03/31/2022, 1285082, 703593, 1988675, 0.55
04/01/2022, 1549640, 912126, 2461766, 0.59
04/04/2022, 1499834, 716129, 2215963, 0.48
04/05/2022, 1282754, 740196, 2022950, 0.58
04/06/2022, 1447829, 873727, 2321556, 0.60
04/07/2022, 1420749, 856610, 2277359, 0.60
04/08/2022, 1425408, 811477, 2236885, 0.57
04/11/2022, 1251623, 693513, 1945136, 0.55
04/12/2022, 1268557, 662270, 1930827, 0.52
04/13/2022, 1304255, 661416, 1965671, 0.51
04/14/2022, 1635794, 815533, 2451327, 0.50
04/18/2022, 1370097, 622880, 1992977, 0.45
04/19/2022, 1156969, 590454, 1747423, 0.51
04/20/2022, 1216956, 745755, 1962711, 0.61
04/21/2022, 1376056, 986892, 2362948, 0.72
04/22/2022, 1250992, 1086325, 2337317, 0.87
04/25/2022, 1216784, 770554, 1987338, 0.63
04/26/2022, 1083812, 782524, 1866336, 0.72
04/27/2022, 1057642, 718778, 1776420, 0.68
04/28/2022, 1310606, 929810, 2240416, 0.71
04/29/2022, 1210730, 948281, 2159011, 0.78
05/02/2022, 1038656, 672280, 1710936, 0.65
05/03/2022, 1019382, 549609, 1568991, 0.54
05/04/2022, 1223369, 712207, 1935576, 0.58
05/05/2022, 1258652, 795114, 2053766, 0.63
05/06/2022, 1246273, 899802, 2146075, 0.72
05/09/2022, 1142579, 893011, 2035590, 0.78
05/10/2022, 1192514, 806067, 1998581, 0.68
05/11/2022, 1164121, 957751, 2121872, 0.82
05/12/2022, 1348396, 1087074, 2435470, 0.81
05/13/2022, 1552826, 1019192, 2572018, 0.66
05/16/2022, 1192231, 758229, 1950460, 0.64
05/17/2022, 1190030, 825840, 2015870, 0.69
05/18/2022, 1139246, 941889, 2081135, 0.83
05/19/2022, 1174783, 944827, 2119610, 0.80
05/20/2022, 1601834, 1281694, 2883528, 0.80
05/23/2022, 1260135, 738181, 1998316, 0.59
05/24/2022, 1027187, 786146, 1813333, 0.77
05/25/2022, 1069749, 668807, 1738556, 0.63
05/26/2022, 1537061, 967301, 2504362, 0.63
05/27/2022, 1646368, 809815, 2456183, 0.49
05/31/2022, 1198000, 771686, 1969686, 0.64
06/01/2022, 1052970, 709760, 1762730, 0.67
06/02/2022, 1209266, 744798, 1954064, 0.62
06/03/2022, 1107231, 854019, 1961250, 0.77
06/06/2022, 1134114, 680503, 1814617, 0.60
06/07/2022, 1041460, 614673, 1656133, 0.59
06/08/2022, 1191434, 680017, 1871451, 0.57
06/09/2022, 1105634, 763627, 1869261, 0.69
06/10/2022, 1317289, 1173424, 2490713, 0.89
06/13/2022, 1288838, 1079557, 2368395, 0.84
06/14/2022, 941139, 777331, 1718470, 0.83
06/15/2022, 1042470, 730735, 1773205, 0.70
06/16/2022, 1118439, 965270, 2083709, 0.86
06/17/2022, 1434166, 1037667, 2471833, 0.72
06/21/2022, 1305803, 629921, 1935724, 0.48
06/22/2022, 1048792, 660487, 1709279, 0.63
06/23/2022, 1210890, 814350, 2025240, 0.67
06/24/2022, 1694245, 862005, 2556250, 0.51
06/27/2022, 885218, 545491, 1430709, 0.62
06/28/2022, 1021578, 679160, 1700738, 0.66
06/29/2022, 852590, 667005, 1519595, 0.78
06/30/2022, 1022587, 752755, 1775342, 0.74
07/01/2022, 1079566, 747224, 1826790, 0.69
07/05/2022, 1028934, 636477, 1665411, 0.62
07/06/2022, 946334, 618015, 1564349, 0.65
07/07/2022, 1307041, 748906, 2055947, 0.57
07/08/2022, 1302773, 734512, 2037285, 0.56
07/11/2022, 863092, 551437, 1414529, 0.64
07/12/2022, 866662, 589893, 1456555, 0.68
07/13/2022, 883520, 647527, 1531047, 0.73
07/14/2022, 1054241, 786617, 1840858, 0.75
07/15/2022, 1520329, 892056, 2412385, 0.59
07/18/2022, 1451174, 784844, 2236018, 0.54
07/19/2022, 1160086, 686784, 1846870, 0.59
07/20/2022, 1242536, 767907, 2010443, 0.62
07/21/2022, 1321904, 831900, 2153804, 0.63
07/22/2022, 1420598, 1032033, 2452631, 0.73
07/25/2022, 950829, 664011, 1614840, 0.70
07/26/2022, 1100472, 841364, 1941836, 0.76
07/27/2022, 1267218, 837230, 2104448, 0.66
07/28/2022, 1452170, 978360, 2430530, 0.67
07/29/2022, 1789956, 1084285, 2874241, 0.61
08/01/2022, 1439865, 967493, 2407358, 0.67
08/02/2022, 1403108, 792919, 2196027, 0.57
08/03/2022, 1552109, 874867, 2426976, 0.56
08/04/2022, 1655329, 916851, 2572180, 0.55
08/05/2022, 1771479, 1026584, 2798063, 0.58
08/08/2022, 1511996, 853624, 2365620, 0.56
08/09/2022, 1163946, 817149, 1981095, 0.70
08/10/2022, 1460580, 843661, 2304241, 0.58
08/11/2022, 1617876, 825230, 2443106, 0.51
08/12/2022, 1752185, 878118, 2630303, 0.50
08/15/2022, 1422808, 809412, 2232220, 0.57
08/16/2022, 1645340, 877001, 2522341, 0.53
08/17/2022, 1391400, 844857, 2236257, 0.61
08/18/2022, 1410561, 816257, 2226818, 0.58
08/19/2022, 1805497, 1336012, 3141509, 0.74
08/22/2022, 1421026, 924263, 2345289, 0.65
08/23/2022, 1075352, 699738, 1775090, 0.65
08/24/2022, 1132559, 709637, 1842196, 0.63
08/25/2022, 1394252, 822556, 2216808, 0.59
08/26/2022, 1409370, 1067303, 2476673, 0.76
08/29/2022, 1166888, 857827, 2024715, 0.74
08/30/2022, 1058886, 847979, 1906865, 0.80
08/31/2022, 1048507, 815984, 1864491, 0.78
09/01/2022, 1316113, 1109006, 2425119, 0.84
09/02/2022, 1188660, 957986, 2146646, 0.81
09/06/2022, 997095, 715023, 1712118, 0.72
09/07/2022, 1294203, 965267, 2259470, 0.75
09/08/2022, 1209236, 789926, 1999162, 0.65
09/09/2022, 1762966, 919122, 2682088, 0.52
09/12/2022, 1239240, 702310, 1941550, 0.57
09/13/2022, 1315808, 961099, 2276907, 0.73
09/14/2022, 1195534, 891284, 2086818, 0.75
09/15/2022, 1324166, 961441, 2285607, 0.73
09/16/2022, 1416297, 1151894, 2568191, 0.81
09/19/2022, 1374933, 738736, 2113669, 0.54
09/20/2022, 1026599, 686965, 1713564, 0.67
09/21/2022, 1145166, 812249, 1957415, 0.71
09/22/2022, 1345726, 1115047, 2460773, 0.83
09/23/2022, 1473520, 1502727, 2976247, 1.02
09/26/2022, 977782, 784739, 1762521, 0.80
09/27/2022, 873406, 679832, 1553238, 0.78
09/28/2022, 1039968, 777261, 1817229, 0.75
09/29/2022, 1067926, 976191, 2044117, 0.91
09/30/2022, 1198478, 923143, 2121621, 0.77
10/03/2022, 1122668, 791933, 1914601, 0.71
10/04/2022, 1144008, 733697, 1877705, 0.64
10/05/2022, 943481, 676201, 1619682, 0.72
10/06/2022, 1071288, 760293, 1831581, 0.71
10/07/2022, 1305995, 1154706, 2460701, 0.88
10/10/2022, 1025009, 671192, 1696201, 0.65
10/11/2022, 958982, 735153, 1694135, 0.77
10/12/2022, 807256, 599711, 1406967, 0.74
10/13/2022, 1358104, 895568, 2253672, 0.66
10/14/2022, 1422091, 890509, 2312600, 0.63
10/17/2022, 1095572, 663978, 1759550, 0.61
10/18/2022, 1148387, 760818, 1909205, 0.66
10/19/2022, 1073780, 796101, 1869881, 0.74
10/20/2022, 1383474, 963160, 2346634, 0.70
10/21/2022, 1781631, 1035295, 2816926, 0.58
10/24/2022, 1501803, 831480, 2333283, 0.55
10/25/2022, 1316776, 817212, 2133988, 0.62
10/26/2022, 1582504, 1029384, 2611888, 0.65
10/27/2022, 1436224, 1223758, 2659982, 0.85
10/28/2022, 1682656, 1116133, 2798789, 0.66
10/31/2022, 1183096, 723884, 1906980, 0.61
11/01/2022, 1214260, 762412, 1976672, 0.63
11/02/2022, 1319127, 1498306, 2817433, 1.14
11/03/2022, 1399416, 964028, 2363444, 0.69
11/04/2022, 1670604, 1236132, 2906736, 0.74
11/07/2022, 1239707, 833016, 2072723, 0.67
11/08/2022, 1304819, 1690380, 2995199, 1.30
11/09/2022, 1260550, 1213394, 2473944, 0.96
11/10/2022, 2045910, 1227037, 3272947, 0.60
11/11/2022, 2478629, 1351008, 3829637, 0.55
11/14/2022, 1632355, 1000820, 2633175, 0.61
11/15/2022, 1929439, 1114678, 3044117, 0.58
11/16/2022, 1183954, 1575911, 2759865, 1.33
11/17/2022, 1489172, 1093599, 2582771, 0.73
11/18/2022, 1905979, 1160502, 3066481, 0.61
11/21/2022, 1842830, 1185366, 3028196, 0.64
11/22/2022, 1301207, 1751318, 3052525, 1.35
11/23/2022, 1250720, 1105167, 2355887, 0.88
11/25/2022, 807153, 506721, 1313874, 0.63
11/28/2022, 1217466, 929604, 2147070, 0.76
11/29/2022, 1133878, 821246, 1955124, 0.72
11/30/2022, 1551104, 1962474, 3513578, 1.27
12/01/2022, 1665744, 1353885, 3019629, 0.81
12/02/2022, 1578785, 922735, 2501520, 0.58
12/05/2022, 1465151, 965707, 2430858, 0.66
12/06/2022, 1267203, 924897, 2192100, 0.73
12/07/2022, 1001552, 1466482, 2468034, 1.46
12/08/2022, 1048998, 714123, 1763121, 0.68
12/09/2022, 1234288, 1175012, 2409300, 0.95
12/12/2022, 1075609, 687677, 1763286, 0.64
12/13/2022, 1326124, 923750, 2249874, 0.70
12/14/2022, 1247555, 1665068, 2912623, 1.33
12/15/2022, 1358299, 991152, 2349451, 0.73
12/16/2022, 1424862, 1696759, 3121621, 1.19
12/19/2022, 1461491, 899248, 2360739, 0.62
12/20/2022, 1109550, 870418, 1979968, 0.78
12/21/2022, 1020533, 2071919, 3092452, 2.03
12/22/2022, 1136932, 1531187, 2668119, 1.35
12/23/2022, 1080855, 832765, 1913620, 0.77
12/27/2022, 1000446, 819931, 1820377, 0.82
12/28/2022, 1099137, 2636382, 3735519, 2.40
12/29/2022, 1312483, 1745291, 3057774, 1.33
12/30/2022, 1004070, 847366, 1851436, 0.84
01/03/2023, 1242523, 787982, 2030505, 0.63
01/04/2023, 1355460, 1028721, 2384181, 0.76
01/05/2023, 1132551, 970390, 2102941, 0.86
01/06/2023, 1688249, 1529122, 3217371, 0.91
01/09/2023, 1621090, 943216, 2564306, 0.58
01/10/2023, 1129800, 720896, 1850696, 0.64
01/11/2023, 1572906, 1096800, 2669706, 0.70
01/12/2023, 1456287, 943177, 2399464, 0.65
01/13/2023, 1776100, 1228731, 3004831, 0.69
01/17/2023, 1511042, 891287, 2402329, 0.59
01/18/2023, 1370711, 1796821, 3167532, 1.31
01/19/2023, 1295946, 984967, 2280913, 0.76
01/20/2023, 1908463, 1021197, 2929660, 0.54
01/23/2023, 1890745, 1008709, 2899454, 0.53
01/24/2023, 1120582, 758093, 1878675, 0.68
01/25/2023, 1241539, 935018, 2176557, 0.75
01/26/2023, 1379417, 942322, 2321739, 0.68
01/27/2023, 2522050, 1280499, 3802549, 0.51
01/30/2023, 1292031, 719610, 2011641, 0.56
01/31/2023, 1240033, 822034, 2062067, 0.66
02/01/2023, 1401706, 828142, 2229848, 0.59
02/02/2023, 2384667, 1172952, 3557619, 0.49
02/03/2023, 2070249, 1176684, 3246933, 0.57
02/06/2023, 1299658, 917262, 2216920, 0.71
02/07/2023, 1331706, 805101, 2136807, 0.60
02/08/2023, 1327838, 835535, 2163373, 0.63
02/09/2023, 1565300, 987255, 2552555, 0.63
02/10/2023, 1364427, 939952, 2304379, 0.69
02/13/2023, 1141709, 679385, 1821094, 0.60
02/14/2023, 1115534, 683774, 1799308, 0.61
02/15/2023, 1329314, 774695, 2104009, 0.58
02/16/2023, 1387328, 837784, 2225112, 0.60
02/17/2023, 1543824, 1036783, 2580607, 0.67
02/21/2023, 1235445, 845924, 2081369, 0.68
02/22/2023, 1100983, 875762, 1976745, 0.80
02/23/2023, 1262487, 962903, 2225390, 0.76
02/24/2023, 1156091, 943597, 2099688, 0.82
02/27/2023, 1072862, 706556, 1779418, 0.66
02/28/2023, 1066442, 735177, 1801619, 0.69
03/01/2023, 1030957, 995899, 2026856, 0.97
03/02/2023, 1050492, 854178, 1904670, 0.81
03/03/2023, 1384450, 822867, 2207317, 0.59
03/06/2023, 1014622, 681614, 1696236, 0.67
03/07/2023, 892525, 657249, 1549774, 0.74
03/08/2023, 861489, 627214, 1488703, 0.73
03/09/2023, 1114338, 898849, 2013187, 0.81
03/10/2023, 1189115, 1316488, 2505603, 1.11
03/13/2023, 1244543, 946486, 2191029, 0.76
03/14/2023, 1160770, 873560, 2034330, 0.75
03/15/2023, 1087370, 874944, 1962314, 0.80
03/16/2023, 1511706, 1001039, 2512745, 0.66
03/17/2023, 1623892, 1050853, 2674745, 0.65
03/20/2023, 1402573, 696579, 2099152, 0.50
03/21/2023, 1229446, 767521, 1996967, 0.62
03/22/2023, 1233869, 771444, 2005313, 0.63
03/23/2023, 1219730, 933443, 2153173, 0.77
03/24/2023, 1188483, 869552, 2058035, 0.73
03/27/2023, 1091685, 731288, 1822973, 0.67
03/28/2023, 923344, 687552, 1610896, 0.74
03/29/2023, 1149484, 734577, 1884061, 0.64
03/30/2023, 1173979, 773894, 1947873, 0.66
03/31/2023, 1459914, 856465, 2316379, 0.59
04/03/2023, 1219399, 743620, 1963019, 0.61
04/04/2023, 980514, 752245, 1732759, 0.77
04/05/2023, 1125590, 747246, 1872836, 0.66
04/06/2023, 1175357, 811472, 1986829, 0.69
04/10/2023, 1046585, 660011, 1706596, 0.63
04/11/2023, 1110590, 618742, 1729332, 0.56
04/12/2023, 1018230, 710264, 1728494, 0.70
04/13/2023, 1205147, 748652, 1953799, 0.62
04/14/2023, 1292200, 835645, 2127845, 0.65
04/17/2023, 1037991, 672184, 1710175, 0.65
04/18/2023, 1046525, 669675, 1716200, 0.64
04/19/2023, 1327952, 1062152, 2390104, 0.80
04/20/2023, 1382710, 1021716, 2404426, 0.74
04/21/2023, 1627190, 999943, 2627133, 0.61
04/24/2023, 1296304, 741814, 2038118, 0.57
04/25/2023, 1076180, 969147, 2045327, 0.90
04/26/2023, 1135939, 993294, 2129233, 0.87
04/27/2023, 1415458, 991476, 2406934, 0.70
04/28/2023, 1396908, 1065875, 2462783, 0.76
05/01/2023, 1223442, 857741, 2081183, 0.70
05/02/2023, 1044608, 818054, 1862662, 0.78
05/03/2023, 1173852, 879202, 2053054, 0.75
05/04/2023, 1205170, 991659, 2196829, 0.82
05/05/2023, 1617002, 1111291, 2728293, 0.69
05/08/2023, 1299349, 951333, 2250682, 0.73
05/09/2023, 1198921, 798238, 1997159, 0.67
05/10/2023, 1332359, 909483, 2241842, 0.68
05/11/2023, 1382313, 928719, 2311032, 0.67
05/12/2023, 1640443, 1141920, 2782363, 0.70
05/15/2023, 1252450, 699038, 1951488, 0.56
05/16/2023, 1232572, 838930, 2071502, 0.68
05/17/2023, 1462519, 991349, 2453868, 0.68
05/18/2023, 1527777, 989322, 2517099, 0.65
05/19/2023, 1830133, 1033662, 2863795, 0.56
05/22/2023, 1495304, 811696, 2307000, 0.54
05/23/2023, 1284737, 756505, 2041242, 0.59
05/24/2023, 1121950, 865532, 1987482, 0.77
05/25/2023, 1511448, 850212, 2361660, 0.56
05/26/2023, 1745837, 922965, 2668802, 0.53
05/30/2023, 1535042, 781417, 2316459, 0.51
05/31/2023, 1454324, 1174226, 2628550, 0.81
06/01/2023, 1674637, 979461, 2654098, 0.58
06/02/2023, 1845398, 955420, 2800818, 0.52
06/05/2023, 1536394, 868601, 2404995, 0.57
06/06/2023, 1574384, 870885, 2445269, 0.55
06/07/2023, 2042138, 1199189, 3241327, 0.59
06/08/2023, 1771915, 1027976, 2799891, 0.58
06/09/2023, 2075048, 1031253, 3106301, 0.50
06/12/2023, 1715864, 898756, 2614620, 0.52
06/13/2023, 2145813, 1205282, 3351095, 0.56
06/14/2023, 1970764, 1458704, 3429468, 0.74
06/15/2023, 1958031, 1015413, 2973444, 0.52
06/16/2023, 2557104, 1188475, 3745579, 0.46
06/20/2023, 1897777, 954439, 2852216, 0.50
06/21/2023, 1563287, 824173, 2387460, 0.53
06/22/2023, 1531867, 974903, 2506770, 0.64
06/23/2023, 1732650, 1102351, 2835001, 0.64
06/26/2023, 1422796, 785811, 2208607, 0.55
06/27/2023, 1486352, 767135, 2253487, 0.52
06/28/2023, 1427419, 838993, 2266412, 0.59
06/29/2023, 1524079, 885871, 2409950, 0.58
06/30/2023, 1940410, 1026916, 2967326, 0.53
07/03/2023, 1154030, 601316, 1755346, 0.52
07/05/2023, 1561260, 899291, 2460551, 0.58
07/06/2023, 1507192, 863360, 2370552, 0.57
07/07/2023, 1790792, 937712, 2728504, 0.52
07/10/2023, 1471422, 754130, 2225552, 0.51
07/11/2023, 1941069, 756207, 2697276, 0.39
07/12/2023, 1854320, 972444, 2826764, 0.52
07/13/2023, 2214258, 1061538, 3275796, 0.48
07/14/2023, 2496965, 1205050, 3702015, 0.48
07/17/2023, 2149387, 1197904, 3347291, 0.56
07/18/2023, 2496075, 1237690, 3733765, 0.50
07/19/2023, 2107551, 1007050, 3114601, 0.48
07/20/2023, 2430332, 1478364, 3908696, 0.61
07/21/2023, 2430787, 1369495, 3800282, 0.56
07/24/2023, 1875559, 944771, 2820330, 0.50
07/25/2023, 1645531, 957408, 2602939, 0.58
07/26/2023, 1712732, 944880, 2657612, 0.55
07/27/2023, 2124807, 1198424, 3323231, 0.56
07/28/2023, 2238364, 1583123, 3821487, 0.71
07/31/2023, 1639199, 917447, 2556646, 0.56
08/01/2023, 1502577, 865907, 2368484, 0.58
08/02/2023, 1691549, 1054174, 2745723, 0.62
08/03/2023, 1575344, 975425, 2550769, 0.62
08/04/2023, 1978488, 1312920, 3291408, 0.66
08/07/2023, 1549922, 1009404, 2559326, 0.65
08/08/2023, 1394077, 901375, 2295452, 0.65
08/09/2023, 1517756, 1028432, 2546188, 0.68
08/10/2023, 1467754, 1031075, 2498829, 0.70
08/11/2023, 1847455, 1468864, 3316319, 0.80
08/14/2023, 1485518, 1044842, 2530360, 0.70
08/15/2023, 1447509, 1092522, 2540031, 0.75
08/16/2023, 1406669, 1444307, 2850976, 1.03
08/17/2023, 1618173, 1568894, 3187067, 0.97
08/18/2023, 1656823, 1261497, 2918320, 0.76
08/21/2023, 1643284, 907406, 2550690, 0.55
08/22/2023, 1228673, 829835, 2058508, 0.68
08/23/2023, 1278050, 1134934, 2412984, 0.89
08/24/2023, 1301447, 1029928, 2331375, 0.79
08/25/2023, 1422997, 1385486, 2808483, 0.97
08/28/2023, 1110519, 857266, 1967785, 0.77
08/29/2023, 1622740, 1111824, 2734564, 0.69
08/30/2023, 1388854, 1196976, 2585830, 0.86
08/31/2023, 1413305, 940845, 2354150, 0.67
09/01/2023, 1578373, 1033233, 2611606, 0.65
09/05/2023, 1267544, 936162, 2203706, 0.74
09/06/2023, 1187937, 1165540, 2353477, 0.98
09/07/2023, 1402677, 1132405, 2535082, 0.81
09/08/2023, 1515138, 1133322, 2648460, 0.75
09/11/2023, 1506059, 1050574, 2556633, 0.70
09/12/2023, 1407701, 1182405, 2590106, 0.84
09/13/2023, 1248422, 1422517, 2670939, 1.14
09/14/2023, 1340641, 1139222, 2479863, 0.85
09/15/2023, 1746770, 1225269, 2972039, 0.70
09/18/2023, 1316808, 802601, 2119409, 0.61
09/19/2023, 1006582, 767453, 1774035, 0.76
09/20/2023, 988946, 779403, 1768349, 0.79
09/21/2023, 1202703, 1057289, 2259992, 0.88
09/22/2023, 1170496, 996764, 2167260, 0.85
09/25/2023, 887567, 629065, 1516632, 0.71
09/26/2023, 958094, 842321, 1800415, 0.88
09/27/2023, 1063378, 995987, 2059365, 0.94
09/28/2023, 1116966, 898689, 2015655, 0.80
09/29/2023, 1255239, 910419, 2165658, 0.73
10/02/2023, 978628, 743532, 1722160, 0.76
10/03/2023, 1012904, 812375, 1825279, 0.80
10/04/2023, 899104, 997075, 1896179, 1.11
10/05/2023, 840604, 721978, 1562582, 0.86
10/06/2023, 1324181, 897835, 2222016, 0.68
10/09/2023, 973669, 640185, 1613854, 0.66
10/10/2023, 1141915, 717649, 1859564, 0.63
10/11/2023, 988982, 1028943, 2017925, 1.04
10/12/2023, 1149113, 917516, 2066629, 0.80
10/13/2023, 1395987, 980305, 2376292, 0.70
10/16/2023, 1012430, 711539, 1723969, 0.70
10/17/2023, 1116752, 895207, 2011959, 0.80
10/18/2023, 1177019, 805647, 1982666, 0.68
10/19/2023, 1309376, 1024780, 2334156, 0.78
10/20/2023, 1570653, 1191572, 2762225, 0.76
10/23/2023, 1473910, 765467, 2239377, 0.52
10/24/2023, 1351528, 741833, 2093361, 0.55
10/25/2023, 1434055, 1294356, 2728411, 0.90
10/26/2023, 1389570, 1075901, 2465471, 0.77
10/27/2023, 1309047, 1073737, 2382784, 0.82
10/30/2023, 1188345, 812749, 2001094, 0.68
10/31/2023, 920345, 756598, 1676943, 0.82
11/01/2023, 976024, 687692, 1663716, 0.70
11/02/2023, 1340552, 1034743, 2375295, 0.77
11/03/2023, 1718587, 935477, 2654064, 0.54
11/06/2023, 969406, 743744, 1713150, 0.77
11/07/2023, 1073013, 697222, 1770235, 0.65
11/08/2023, 1019911, 1207831, 2227742, 1.18
11/09/2023, 1188371, 1025336, 2213707, 0.86
11/10/2023, 1363408, 1406573, 2769981, 1.03
11/13/2023, 1095070, 968091, 2063161, 0.88
11/14/2023, 1478627, 1090141, 2568768, 0.74
11/15/2023, 1620821, 776191, 2397012, 0.48
11/16/2023, 1329434, 846207, 2175641, 0.64
11/17/2023, 1697056, 918777, 2615833, 0.54
11/20/2023, 1350022, 717829, 2067851, 0.53
11/21/2023, 1097693, 1205740, 2303433, 1.10
11/22/2023, 1361763, 1059338, 2421101, 0.78
11/24/2023, 721583, 653395, 1374978, 0.91
11/27/2023, 993528, 868512, 1862040, 0.87
11/28/2023, 1254409, 989577, 2243986, 0.79
11/29/2023, 1442737, 799846, 2242583, 0.55
11/30/2023, 1333870, 800274, 2134144, 0.60
12/01/2023, 1715574, 882997, 2598571, 0.51
12/04/2023, 1598212, 850506, 2448718, 0.53
12/05/2023, 1091641, 626550, 1718191, 0.57
12/06/2023, 1383656, 821799, 2205455, 0.59
12/07/2023, 1303853, 765855, 2069708, 0.59
12/08/2023, 1585097, 892147, 2477244, 0.56
12/11/2023, 1313269, 701107, 2014376, 0.53
12/12/2023, 1068460, 616770, 1685230, 0.58
12/13/2023, 1578627, 1836877, 3415504, 1.16
12/14/2023, 2374218, 1302754, 3676972, 0.55
12/15/2023, 2172313, 1149759, 3322072, 0.53
12/18/2023, 1567735, 900395, 2468130, 0.57
12/19/2023, 1293764, 793140, 2086904, 0.61
12/20/2023, 1356762, 806282, 2163044, 0.59
12/21/2023, 1147410, 661058, 1808468, 0.58
12/22/2023, 1505925, 750058, 2255983, 0.50
12/26/2023, 1321773, 739053, 2060826, 0.56
12/27/2023, 1333847, 1285372, 2619219, 0.96
12/28/2023, 1358562, 903441, 2262003, 0.66
12/29/2023, 1405035, 907650, 2312685, 0.65
01/02/2024, 1250344, 818393, 2068737, 0.65
01/03/2024, 1149856, 791534, 1941390, 0.69
01/04/2024, 1105473, 757417, 1862890, 0.69
01/05/2024, 1428020, 994784, 2422804, 0.70
01/08/2024, 1427442, 835380, 2262822, 0.59
01/09/2024, 1124569, 689549, 1814118, 0.61
01/10/2024, 1172513, 1812613, 2985126, 1.55
01/11/2024, 1198901, 955554, 2154455, 0.80
01/12/2024, 1545690, 1275836, 2821526, 0.83
01/16/2024, 1422270, 1188491, 2610761, 0.84
01/17/2024, 1181702, 816068, 1997770, 0.69
01/18/2024, 1908495, 1318579, 3227074, 0.69
01/19/2024, 2262739, 1325096, 3587835, 0.59
01/22/2024, 1636201, 799005, 2435206, 0.49
01/23/2024, 1191155, 674398, 1865553, 0.57
01/24/2024, 1497619, 1006351, 2503970, 0.67
01/25/2024, 1567165, 1049866, 2617031, 0.67
01/26/2024, 1453112, 964637, 2417749, 0.66
01/29/2024, 1533855, 878720, 2412575, 0.57
01/30/2024, 1388251, 909820, 2298071, 0.66
01/31/2024, 1425241, 915222, 2340463, 0.64
02/01/2024, 1349173, 858066, 2207239, 0.64
02/02/2024, 1939156, 1203080, 3142236, 0.62
02/05/2024, 1409123, 917317, 2326440, 0.65
02/06/2024, 1528188, 1115739, 2643927, 0.73
02/07/2024, 1690688, 1190141, 2880829, 0.70
02/08/2024, 1648491, 1019647, 2668138, 0.62
02/09/2024, 1915465, 915246, 2830711, 0.48
02/12/2024, 1797216, 990580, 2787796, 0.55
02/13/2024, 1427002, 933766, 2360768, 0.65
02/14/2024, 1677729, 956936, 2634665, 0.57
02/15/2024, 1682109, 915867, 2597976, 0.54
02/16/2024, 2018527, 1068947, 3087474, 0.53
02/20/2024, 1435663, 789418, 2225081, 0.55
02/21/2024, 1147566, 827977, 1975543, 0.72
02/22/2024, 1572423, 1042478, 2614901, 0.66
02/23/2024, 1736076, 1148734, 2884810, 0.66
02/26/2024, 1509502, 1054246, 2563748, 0.70
02/27/2024, 1357312, 825302, 2182614, 0.61
02/28/2024, 1571231, 755013, 2326244, 0.48
02/29/2024, 1452677, 930510, 2383187, 0.64
03/01/2024, 1890747, 1137277, 3028024, 0.60
03/04/2024, 1817974, 1166176, 2984150, 0.64
03/05/2024, 1317065, 923423, 2240488, 0.70
03/06/2024, 1430676, 1187542, 2618218, 0.83
03/07/2024, 1610093, 909384, 2519477, 0.56
03/08/2024, 1978071, 1106491, 3084562, 0.56
03/11/2024, 1490703, 1012055, 2502758, 0.68
03/12/2024, 1164208, 794205, 1958413, 0.68
03/13/2024, 1447073, 859058, 2306131, 0.59
03/14/2024, 1466626, 926923, 2393549, 0.63
03/15/2024, 1955182, 1186789, 3141971, 0.61
03/18/2024, 1376201, 686028, 2062229, 0.50
03/19/2024, 1058359, 695909, 1754268, 0.66
03/20/2024, 1271046, 918909, 2189955, 0.72
03/21/2024, 1540793, 1032720, 2573513, 0.67
03/22/2024, 1475286, 955839, 2431125, 0.65
03/25/2024, 1302669, 907167, 2209836, 0.70
03/26/2024, 1260977, 811843, 2072820, 0.64
03/27/2024, 1350485, 903042, 2253527, 0.67
03/28/2024, 1608962, 902963, 2511925, 0.56
04/01/2024, 1137667, 741202, 1878869, 0.65
04/02/2024, 1149233, 754487, 1903720, 0.66
04/03/2024, 1243780, 857903, 2101683, 0.69
04/04/2024, 1445199, 989595, 2434794, 0.68
04/05/2024, 1460068, 1037922, 2497990, 0.71
04/08/2024, 1116520, 717845, 1834365, 0.64
04/09/2024, 1265846, 917304, 2183150, 0.72
04/10/2024, 1140865, 717541, 1858406, 0.63
04/11/2024, 1330329, 844090, 2174419, 0.63
04/12/2024, 1531576, 1038660, 2570236, 0.68
04/15/2024, 1236867, 795106, 2031973, 0.64
04/16/2024, 1128708, 820649, 1949357, 0.73
04/17/2024, 1197078, 1354696, 2551774, 1.13
04/18/2024, 1280835, 875743, 2156578, 0.68
04/19/2024, 1878804, 1220988, 3099792, 0.65
04/22/2024, 1580414, 899390, 2479804, 0.57
04/23/2024, 1253430, 817342, 2070772, 0.65
04/24/2024, 1346084, 951240, 2297324, 0.71
04/25/2024, 1380146, 932452, 2312598, 0.68
04/26/2024, 1760914, 973439, 2734353, 0.55
04/29/2024, 1336130, 809271, 2145401, 0.61
04/30/2024, 1369469, 825471, 2194940, 0.60
05/01/2024, 1354435, 1140723, 2495158, 0.84
05/02/2024, 1389048, 1014173, 2403221, 0.73
05/03/2024, 1750504, 1058002, 2808506, 0.60
05/06/2024, 1492464, 936473, 2428937, 0.63
05/07/2024, 1325787, 957637, 2283424, 0.72
05/08/2024, 1133832, 783834, 1917666, 0.69
05/09/2024, 1525541, 834322, 2359863, 0.55
05/10/2024, 1546470, 935084, 2481554, 0.60
05/13/2024, 1619688, 928309, 2547997, 0.57
05/14/2024, 1748147, 925569, 2673716, 0.53
05/15/2024, 1760180, 1010395, 2770575, 0.57
05/16/2024, 1655175, 984519, 2639694, 0.59
05/17/2024, 2173307, 1165842, 3339149, 0.54
05/20/2024, 1515410, 795624, 2311034, 0.53
05/21/2024, 1271832, 748610, 2020442, 0.59
05/22/2024, 1315537, 755895, 2071432, 0.57
05/23/2024, 1278929, 830589, 2109518, 0.65
05/24/2024, 1343488, 897399, 2240887, 0.67
05/28/2024, 1364375, 763466, 2127841, 0.56
05/29/2024, 1110758, 760465, 1871223, 0.68
05/30/2024, 1435387, 1245275, 2680662, 0.87
05/31/2024, 1489373, 1093896, 2583269, 0.73
06/03/2024, 1316045, 761388, 2077433, 0.58
06/04/2024, 1048937, 639295, 1688232, 0.61
06/05/2024, 1233744, 929656, 2163400, 0.75
06/06/2024, 1506190, 884982, 2391172, 0.59
06/07/2024, 1557222, 901836, 2459058, 0.58
06/10/2024, 1550266, 899888, 2450154, 0.58
06/11/2024, 1392937, 815292, 2208229, 0.59
06/12/2024, 2207866, 1170416, 3378282, 0.53
06/13/2024, 1864056, 1620806, 3484862, 0.87
06/14/2024, 2182306, 1271956, 3454262, 0.58
06/17/2024, 1939974, 1200096, 3140070, 0.62
06/18/2024, 1862427, 1084985, 2947412, 0.58
06/20/2024, 2082304, 1292031, 3374335, 0.62
06/21/2024, 2556133, 1603410, 4159543, 0.63
06/24/2024, 1628020, 937013, 2565033, 0.58
06/25/2024, 1388098, 815065, 2203163, 0.59
06/26/2024, 1900691, 1026586, 2927277, 0.54
06/27/2024, 1465676, 1113254, 2578930, 0.76
06/28/2024, 1996503, 1275055, 3271558, 0.64
07/01/2024, 1532548, 861900, 2394448, 0.56
07/02/2024, 1450341, 1018668, 2469009, 0.70
07/03/2024, 1277324, 648855, 1926179, 0.51
07/05/2024, 1910362, 1078944, 2989306, 0.56
07/08/2024, 1669806, 855971, 2525777, 0.51
07/09/2024, 1568616, 892362, 2460978, 0.57
07/10/2024, 1582286, 873953, 2456239, 0.55
07/11/2024, 1909742, 1160620, 3070362, 0.61
07/12/2024, 2309771, 1310866, 3620637, 0.57
07/15/2024, 2017422, 1050692, 3068114, 0.52
07/16/2024, 1737693, 852346, 2590039, 0.49
07/17/2024, 2323079, 1227853, 3550932, 0.53
07/18/2024, 2020997, 1220702, 3241699, 0.60
07/19/2024, 2455221, 1475061, 3930282, 0.60
07/22/2024, 1581298, 861866, 2443164, 0.55
07/23/2024, 1269428, 803365, 2072793, 0.63
07/24/2024, 1711083, 1204916, 2915999, 0.70
07/25/2024, 1731499, 1379217, 3110716, 0.80
07/26/2024, 1502427, 1097748, 2600175, 0.73
07/29/2024, 1156731, 750227, 1906958, 0.65
07/30/2024, 1401514, 959946, 2361460, 0.68
07/31/2024, 1662547, 986419, 2648966, 0.59
08/01/2024, 1949772, 1238985, 3188757, 0.64
08/02/2024, 2029946, 1639054, 3669000, 0.81
08/05/2024, 1389183, 1066038, 2455221, 0.77
08/06/2024, 1137847, 819602, 1957449, 0.72
08/07/2024, 1404805, 966672, 2371477, 0.69
08/08/2024, 1407270, 1358390, 2765660, 0.97
08/09/2024, 1829660, 1100258, 2929918, 0.60
08/12/2024, 1222150, 829257, 2051407, 0.68
08/13/2024, 1589570, 1059725, 2649295, 0.67
08/14/2024, 1433727, 954432, 2388159, 0.67
08/15/2024, 1906138, 1112879, 3019017, 0.58
08/16/2024, 2109133, 1079017, 3188150, 0.51
08/19/2024, 1682179, 790763, 2472942, 0.47
08/20/2024, 1296445, 764622, 2061067, 0.59
08/21/2024, 1134586, 669717, 1804303, 0.59
08/22/2024, 1299744, 961372, 2261116, 0.74
08/23/2024, 1408895, 778210, 2187105, 0.55
08/26/2024, 1106350, 635072, 1741422, 0.57
08/27/2024, 948470, 662819, 1611289, 0.70
08/28/2024, 1278376, 816520, 2094896, 0.64
08/29/2024, 1539875, 957864, 2497739, 0.62
08/30/2024, 1516177, 902822, 2418999, 0.60
09/03/2024, 1293830, 950830, 2244660, 0.73
09/04/2024, 972259, 705511, 1677770, 0.73
09/05/2024, 1105882, 1082350, 2188232, 0.98
09/06/2024, 1471922, 1102676, 2574598, 0.75
09/09/2024, 1162352, 744025, 1906377, 0.64
09/10/2024, 1269611, 877783, 2147394, 0.69
09/11/2024, 1258384, 749000, 2007384, 0.60
09/12/2024, 1836266, 1042031, 2878297, 0.57
09/13/2024, 1889157, 1013118, 2902275, 0.54
09/16/2024, 1500797, 784759, 2285556, 0.52
09/17/2024, 1639180, 829698, 2468878, 0.51
09/18/2024, 1503553, 921802, 2425355, 0.61
09/19/2024, 2185163, 1693455, 3878618, 0.77
09/20/2024, 2404711, 1261618, 3666329, 0.52
09/23/2024, 1700908, 834787, 2535695, 0.49
09/24/2024, 1415765, 762214, 2177979, 0.54
09/25/2024, 1489285, 780332, 2269617, 0.52
09/26/2024, 1685272, 849699, 2534971, 0.50
09/27/2024, 1858912, 982679, 2841591, 0.53
09/30/2024, 1412419, 780050, 2192469, 0.55
10/01/2024, 1361350, 742187, 2103537, 0.55
10/02/2024, 1301864, 728772, 2030636, 0.56
10/03/2024, 1409307, 1002655, 2411962, 0.71
10/04/2024, 1908013, 913137, 2821150, 0.48
10/07/2024, 1516422, 833684, 2350106, 0.55
10/08/2024, 1565753, 839722, 2405475, 0.54
10/09/2024, 1441691, 850908, 2292599, 0.59
10/10/2024, 1603670, 792227, 2395897, 0.49
10/11/2024, 2162311, 962162, 3124473, 0.44
10/14/2024, 1758064, 871389, 2629453, 0.50
10/15/2024, 1905599, 1092517, 2998116, 0.57
10/16/2024, 1477025, 843925, 2320950, 0.57
10/17/2024, 1832240, 1406219, 3238459, 0.77
10/18/2024, 2394936, 1009608, 3404544, 0.42
10/21/2024, 1495513, 734328, 2229841, 0.49
10/22/2024, 1322752, 777810, 2100562, 0.59
10/23/2024, 1357401, 793508, 2150909, 0.58
10/24/2024, 1585362, 864516, 2449878, 0.55
10/25/2024, 2083502, 1063182, 3146684, 0.51
10/28/2024, 1446442, 845524, 2291966, 0.58
10/29/2024, 1664781, 1025860, 2690641, 0.62
10/30/2024, 2029027, 1268384, 3297411, 0.63
10/31/2024, 2186463, 1373531, 3559994, 0.63
11/01/2024, 2091707, 1477123, 3568830, 0.71
11/04/2024, 1203721, 739710, 1943431, 0.61
11/05/2024, 1434684, 887746, 2322430, 0.62
11/06/2024, 2173308, 1170977, 3344285, 0.54
11/07/2024, 2655575, 1257889, 3913464, 0.47
11/08/2024, 2663328, 1464162, 4127490, 0.55
11/11/2024, 2529077, 1209385, 3738462, 0.48
11/12/2024, 1950123, 982742, 2932865, 0.50
11/13/2024, 2417013, 1312493, 3729506, 0.54
11/14/2024, 2256354, 1421243, 3677597, 0.63
11/15/2024, 2710711, 1630950, 4341661, 0.60
11/18/2024, 2039105, 1032943, 3072048, 0.51
11/19/2024, 1610620, 992084, 2602704, 0.62
11/20/2024, 1811645, 1044672, 2856317, 0.58
11/21/2024, 2358191, 1239493, 3597684, 0.53
11/22/2024, 2339118, 1202348, 3541466, 0.51
11/25/2024, 2468424, 1175819, 3644243, 0.48
11/26/2024, 2344392, 1128197, 3472589, 0.48
11/27/2024, 1648111, 916631, 2564742, 0.56
11/29/2024, 1386000, 779464, 2165464, 0.56
12/02/2024, 1994264, 1233817, 3228081, 0.62
12/03/2024, 1479203, 809567, 2288770, 0.55
12/04/2024, 2061319, 1018158, 3079477, 0.49
12/05/2024, 2076691, 1038377, 3115068, 0.50
12/06/2024, 2671938, 1452007, 4123945, 0.54
12/09/2024, 2614315, 1453315, 4067630, 0.56
12/10/2024, 1859580, 889254, 2748834, 0.48
12/11/2024, 2019367, 1063960, 3083327, 0.53
12/12/2024, 1821598, 1242450, 3064048, 0.68
12/13/2024, 2382668, 1387746, 3770414, 0.58
12/16/2024, 2095781, 1073552, 3169333, 0.51
12/17/2024, 2188041, 1070035, 3258076, 0.49
12/18/2024, 2562739, 1163791, 3726530, 0.45
12/19/2024, 2237758, 1391128, 3628886, 0.62
12/20/2024, 2651486, 1443675, 4095161, 0.54
12/23/2024, 2376711, 1146770, 3523481, 0.48
12/24/2024, 1216847, 614931, 1831778, 0.51
12/26/2024, 1570202, 774521, 2344723, 0.49
12/27/2024, 2273301, 1528025, 3801326, 0.67
12/30/2024, 1881256, 1191337, 3072593, 0.63
12/31/2024, 1600343, 730947, 2331290, 0.46
01/02/2025, 1724574, 1386075, 3110649, 0.80
01/03/2025, 2738133, 1225881, 3964014, 0.45
01/06/2025, 2784117, 1168714, 3952831, 0.42
01/07/2025, 2356597, 1064444, 3421041, 0.45
01/08/2025, 1837286, 1106179, 2943465, 0.60
01/10/2025, 2799294, 1970536, 4769830, 0.70
01/13/2025, 1741165, 1051514, 2792679, 0.60
01/14/2025, 2032052, 840418, 2872470, 0.41
01/15/2025, 2661321, 1545740, 4207061, 0.58
01/16/2025, 1989421, 1864865, 3854286, 0.94
01/17/2025, 3447973, 1492678, 4940651, 0.43
01/21/2025, 2481054, 1134046, 3615100, 0.46
01/22/2025, 1780077, 870747, 2650824, 0.49
01/23/2025, 2174685, 1162037, 3336722, 0.53
01/24/2025, 2361519, 1223649, 3585168, 0.52
01/27/2025, 2239186, 1286207, 3525393, 0.57
01/28/2025, 1818722, 967197, 2785919, 0.53
01/29/2025, 1526275, 893675, 2419950, 0.59
01/30/2025, 2244816, 1169840, 3414656, 0.52
01/31/2025, 2575474, 1271900, 3847374, 0.49
02/03/2025, 1742450, 936471, 2678921, 0.54
02/04/2025, 1756079, 894672, 2650751, 0.51
02/05/2025, 1868132, 1006442, 2874574, 0.54
02/06/2025, 1991127, 1137405, 3128532, 0.57
02/07/2025, 2566860, 1333333, 3900193, 0.52
02/10/2025, 2153257, 1019799, 3173056, 0.47
02/11/2025, 1800199, 945786, 2745985, 0.53
02/12/2025, 2021495, 1125140, 3146635, 0.56
02/13/2025, 2048306, 1571061, 3619367, 0.77
02/14/2025, 2864814, 1322433, 4187247, 0.46
02/18/2025, 2645140, 1333458, 3978598, 0.50
02/19/2025, 1995355, 1191670, 3187025, 0.60
02/20/2025, 2591669, 1534484, 4126153, 0.59
02/21/2025, 3141941, 1967145, 5109086, 0.63
02/24/2025, 2105341, 1227321, 3332662, 0.58
02/25/2025, 2309148, 1476860, 3786008, 0.64
02/26/2025, 2201332, 1325985, 3527317, 0.60
02/27/2025, 2493833, 1687664, 4181497, 0.68
02/28/2025, 2919753, 1793752, 4713505, 0.61
03/03/2025, 1822650, 1169758, 2992408, 0.64
03/04/2025, 2142597, 1300258, 3442855, 0.61
03/05/2025, 1832634, 986493, 2819127, 0.54
03/06/2025, 1609003, 1049231, 2658234, 0.65
03/07/2025, 2497007, 1412518, 3909525, 0.57
03/10/2025, 2137391, 1278048, 3415439, 0.60
03/11/2025, 1915818, 1091078, 3006896, 0.57
03/12/2025, 1920260, 1199117, 3119377, 0.62
03/13/2025, 2139199, 2007894, 4147093, 0.94
03/14/2025, 2628186, 1504320, 4132506, 0.57
03/17/2025, 2118819, 1253652, 3372471, 0.59
03/18/2025, 1613107, 931170, 2544277, 0.58
03/19/2025, 1998287, 1071266, 3069553, 0.54
03/20/2025, 1964115, 1191371, 3155486, 0.61
03/21/2025, 2343376, 1287940, 3631316, 0.55
03/24/2025, 2228834, 1062645, 3291479, 0.48
03/25/2025, 1380361, 893725, 2274086, 0.65
03/26/2025, 1634628, 1153193, 2787821, 0.71
03/27/2025, 1756833, 1271529, 3028362, 0.72
03/28/2025, 2101337, 1437907, 3539244, 0.68
03/31/2025, 1884784, 1095426, 2980210, 0.58
04/01/2025, 1301248, 687632, 1988880, 0.53
04/02/2025, 1116350, 658553, 1774903, 0.59
04/03/2025, 1794016, 1821095, 3615111, 1.02
04/04/2025, 3170511, 2032569, 5203080, 0.64
04/07/2025, 1821051, 1155008, 2976059, 0.63
04/08/2025, 1465998, 1128094, 2594092, 0.77
04/09/2025, 2258626, 1304470, 3563096, 0.58
04/10/2025, 1864152, 1411177, 3275329, 0.76
04/11/2025, 2127634, 915592, 3043226, 0.43
04/14/2025, 1513685, 1024284, 2537969, 0.68
04/15/2025, 1630616, 1169804, 2800420, 0.72
04/16/2025, 1704744, 1219109, 2923853, 0.72
04/17/2025, 2464941, 1332519, 3797460, 0.54
04/21/2025, 1361509, 910549, 2272058, 0.67
04/22/2025, 1726334, 937643, 2663977, 0.54
04/23/2025, 1954597, 1060041, 3014638, 0.54
04/24/2025, 1767446, 1134481, 2901927, 0.64
04/25/2025, 2525009, 1172145, 3697154, 0.46
04/28/2025, 1444249, 830041, 2274290, 0.57
04/29/2025, 1424811, 784086, 2208897, 0.55
04/30/2025, 1475763, 982119, 2457882, 0.67
05/01/2025, 1947108, 1015123, 2962231, 0.52
05/02/2025, 2391157, 1172492, 3563649, 0.49
05/05/2025, 1475241, 885175, 2360416, 0.60
05/06/2025, 1413620, 903036, 2316656, 0.64
05/07/2025, 1727381, 934284, 2661665, 0.54
05/08/2025, 2525575, 1372446, 3898021, 0.54
05/09/2025, 2524678, 1344913, 3869591, 0.53
05/12/2025, 2810154, 1398389, 4208543, 0.50
05/13/2025, 3459677, 1917868, 5377545, 0.55
05/14/2025, 2480058, 1022726, 3502784, 0.41
05/15/2025, 2349268, 1215853, 3565121, 0.52
05/16/2025, 2990676, 1282424, 4273100, 0.43
05/19/2025, 1835374, 884743, 2720117, 0.48
05/20/2025, 1820143, 1023689, 2843832, 0.56
05/21/2025, 2190940, 1204775, 3395715, 0.55
05/22/2025, 2065519, 1543193, 3608712, 0.75
05/23/2025, 2178851, 1307082, 3485933, 0.60
05/27/2025, 1947598, 1017516, 2965114, 0.52
05/28/2025, 2095829, 1213977, 3309806, 0.58
05/29/2025, 2176748, 1147332, 3324080, 0.53
05/30/2025, 2377658, 1348784, 3726442, 0.57
06/02/2025, 1829833, 1068342, 2898175, 0.58
06/03/2025, 1835264, 945093, 2780357, 0.51
06/04/2025, 1751628, 912574, 2664202, 0.52
06/05/2025, 2397066, 1506818, 3903884, 0.63
06/06/2025, 2562284, 1402702, 3964986, 0.55
06/09/2025, 2017797, 1039941, 3057738, 0.52
06/10/2025, 2151402, 1233609, 3385011, 0.57
06/11/2025, 2139877, 1117492, 3257369, 0.52
06/12/2025, 1803895, 1042988, 2846883, 0.58
06/13/2025, 2114777, 1285035, 3399812, 0.61
06/16/2025, 1832696, 933252, 2765948, 0.51
06/17/2025, 1518414, 931651, 2450065, 0.61
06/18/2025, 1868185, 1829075, 3697260, 0.98
06/20/2025, 2354514, 1280021, 3634535, 0.54
06/23/2025, 1866945, 1015114, 2882059, 0.54
06/24/2025, 1844377, 1037700, 2882077, 0.56
06/25/2025, 1785576, 939702, 2725278, 0.53
06/26/2025, 2056690, 1086660, 3143350, 0.53
06/27/2025, 2544488, 1313519, 3858007, 0.52
06/30/2025, 1901196, 960584, 2861780, 0.51
07/01/2025, 2012314, 1023032, 3035346, 0.51
07/02/2025, 2112055, 1156216, 3268271, 0.55
07/03/2025, 1580507, 755286, 2335793, 0.48
07/07/2025, 1712434, 995223, 2707657, 0.58
07/08/2025, 1575243, 878177, 2453420, 0.56
07/09/2025, 2505589, 1393332, 3898921, 0.56
07/10/2025, 2134340, 1112307, 3246647, 0.52
07/11/2025, 2396433, 1280753, 3677186, 0.53
07/14/2025, 1783058, 915293, 2698351, 0.51
07/15/2025, 2345835, 1334772, 3680607, 0.57
07/16/2025, 2019658, 1075463, 3095121, 0.53
07/17/2025, 2648908, 1712285, 4361193, 0.65
07/18/2025, 3146030, 1513494, 4659524, 0.48
07/21/2025, 2451361, 1250436, 3701797, 0.51
07/22/2025, 2226925, 1223802, 3450727, 0.55
07/23/2025, 2268547, 1250069, 3518616, 0.55
07/24/2025, 2279304, 1295763, 3575067, 0.57
07/25/2025, 2580949, 1852459, 4433408, 0.72
07/28/2025, 1884821, 1084509, 2969330, 0.58
07/29/2025, 2043499, 1162029, 3205528, 0.57
07/30/2025, 2066558, 1220592, 3287150, 0.59
07/31/2025, 2406265, 2016886, 4423151, 0.84
08/01/2025, 2660355, 1992952, 4653307, 0.75
08/04/2025, 1780941, 1080393, 2861334, 0.61
08/05/2025, 2066760, 1192065, 3258825, 0.58
08/06/2025, 2310823, 1439851, 3750674, 0.62
08/07/2025, 2558726, 1457833, 4016559, 0.57
08/08/2025, 3229622, 2070122, 5299744, 0.64
08/11/2025, 2174161, 1382419, 3556580, 0.64
08/12/2025, 2236036, 1341902, 3577938, 0.60
08/13/2025, 3035892, 1897766, 4933658, 0.63
08/14/2025, 2966486, 2220918, 5187404, 0.75
08/15/2025, 3411209, 1625288, 5036497, 0.48
08/18/2025, 2259170, 1140150, 3399320, 0.50
08/19/2025, 2183029, 1285621, 3468650, 0.59
08/20/2025, 2343113, 1542554, 3885667, 0.66
08/21/2025, 1672176, 1031178, 2703354, 0.62
08/22/2025, 2974655, 1477045, 4451700, 0.50
08/25/2025, 1892585, 1033186, 2925771, 0.55
08/26/2025, 1812316, 990453, 2802769, 0.55
08/27/2025, 1899858, 1002558, 2902416, 0.53
08/28/2025, 2275364, 1698400, 3973764, 0.75
08/29/2025, 2611475, 1457514, 4068989, 0.56
09/02/2025, 1682995, 1144675, 2827670, 0.68
09/03/2025, 1788112, 1099367, 2887479, 0.61
09/04/2025, 2075645, 1294800, 3370445, 0.62
09/05/2025, 2605521, 1514966, 4120487, 0.58
09/08/2025, 1936961, 1217782, 3154743, 0.63
09/09/2025, 1939670, 1045305, 2984975, 0.54
09/10/2025, 2510387, 1362101, 3872488, 0.54
09/11/2025, 2614041, 1785904, 4399945, 0.68
09/12/2025, 3229109, 1862940, 5092049, 0.58
09/15/2025, 2486127, 1331970, 3818097, 0.54
09/16/2025, 2088251, 1133199, 3221450, 0.54
09/17/2025, 2603146, 1554472, 4157618, 0.60
09/18/2025, 3721497, 2002164, 5723661, 0.54
09/19/2025, 3886454, 1746408, 5632862, 0.45
09/22/2025, 3136034, 1490631, 4626665, 0.48
09/23/2025, 2512578, 1191664, 3704242, 0.47
09/24/2025, 2329352, 1184321, 3513673, 0.51
09/25/2025, 2510993, 1394378, 3905371, 0.56
09/26/2025, 3178564, 1617040, 4795604, 0.51
09/29/2025, 2161454, 1116968, 3278422, 0.52
09/30/2025, 2359982, 1376706, 3736688, 0.58
10/01/2025, 2577353, 1230187, 3807540, 0.48
10/02/2025, 2919262, 1362237, 4281499, 0.47
10/03/2025, 3868753, 2317773, 6186526, 0.60
10/06/2025, 2921892, 1325796, 4247688, 0.45
10/07/2025, 2355122, 1167969, 3523091, 0.50
10/08/2025, 2934416, 1478956, 4413372, 0.50
10/09/2025, 3191975, 1718467, 4910442, 0.54
10/10/2025, 4429604, 3070653, 7500257, 0.69
10/13/2025, 2709984, 1491987, 4201971, 0.55
10/14/2025, 2668137, 1313563, 3981700, 0.49
10/15/2025, 3021478, 1460525, 4482003, 0.48
10/16/2025, 2753132, 1540360, 4293492, 0.56
10/17/2025, 3471864, 2492465, 5964329, 0.72
10/20/2025, 2596828, 1288931, 3885759, 0.50
10/21/2025, 2311186, 1105918, 3417104, 0.48
10/22/2025, 2603855, 1378794, 3982649, 0.53
10/23/2025, 2609081, 1564806, 4173887, 0.60
10/24/2025, 3457212, 1808790, 5266002, 0.52
10/27/2025, 2491935, 1147364, 3639299, 0.46
10/28/2025, 2680745, 1257688, 3938433, 0.47
10/29/2025, 3098409, 1365439, 4463848, 0.44
10/30/2025, 3357279, 1904275, 5261554, 0.57
10/31/2025, 3883187, 2124090, 6007277, 0.55
11/03/2025, 2617986, 1531471, 4149457, 0.58
11/04/2025, 2434268, 1605180, 4039448, 0.66
11/05/2025, 2494552, 1431447, 3925999, 0.57
11/06/2025, 2520992, 1405506, 3926498, 0.56
11/07/2025, 3113232, 1961071, 5074303, 0.63
11/10/2025, 2558973, 1255111, 3814084, 0.49
11/11/2025, 2155956, 1503283, 3659239, 0.70
11/12/2025, 2105659, 1188517, 3294176, 0.56
11/13/2025, 3413225, 2202468, 5615693, 0.65
11/14/2025, 2436623, 1524605, 3961228, 0.63
11/17/2025, 2144068, 1639014, 3783082, 0.76
11/18/2025, 2096876, 1474204, 3571080, 0.70
11/19/2025, 1912278, 1195658, 3107936, 0.63
11/20/2025, 2872049, 1693019, 4565068, 0.59
11/21/2025, 3551671, 1973725, 5525396, 0.56
11/24/2025, 2127922, 1227759, 3355681, 0.58
11/25/2025, 2176230, 1652832, 3829062, 0.76
11/26/2025, 2041067, 1410422, 3451489, 0.69
11/28/2025, 2045790, 892982, 2938772, 0.44
12/01/2025, 1722364, 1023827, 2746191, 0.59
12/02/2025, 2060696, 1108244, 3168940, 0.54
12/03/2025, 2156991, 1247802, 3404793, 0.58
12/04/2025, 2591967, 1296092, 3888059, 0.50
12/05/2025, 3080162, 1324885, 4405047, 0.43
12/08/2025, 1755793, 1139881, 2895674, 0.65
12/09/2025, 1923535, 1008316, 2931851, 0.52
12/10/2025, 1828906, 1086765, 2915671, 0.59
12/11/2025, 2275236, 1344715, 3619951, 0.59
12/12/2025, 2862278, 1645790, 4508068, 0.57
12/15/2025, 1807074, 1054787, 2861861, 0.58
12/16/2025, 1676729, 1235678, 2912407, 0.74
12/17/2025, 2062528, 1542112, 3604640, 0.75
12/18/2025, 2228981, 1316172, 3545153, 0.59
12/19/2025, 2853823, 1670135, 4523958, 0.59
12/22/2025, 1851246, 1131919, 2983165, 0.61
12/23/2025, 1896100, 870361, 2766461, 0.46
12/24/2025, 887490, 502594, 1390084, 0.57
12/26/2025, 1645783, 1048066, 2693849, 0.64
12/29/2025, 1375331, 915536, 2290867, 0.67
12/30/2025, 1334668, 681395, 2016063, 0.51
12/31/2025, 1622002, 1500337, 3122339, 0.92
01/02/2026, 2383806, 1324068, 3707874, 0.56
01/05/2026, 2439419, 1322156, 3761575, 0.54
01/06/2026, 2165044, 1249480, 3414524, 0.58
01/07/2026, 1968140, 1245009, 3213149, 0.63
01/08/2026, 2194489, 1071376, 3265865, 0.49
01/09/2026, 2895424, 1358475, 4253899, 0.47
01/12/2026, 1996615, 1319375, 3315990, 0.66
01/13/2026, 1940101, 1351088, 3291189, 0.70
01/14/2026, 2423697, 1858639, 4282336, 0.77
01/15/2026, 2490758, 1284127, 3774885, 0.52
01/16/2026, 3713244, 1701288, 5414532, 0.46
01/20/2026, 2312518, 1198622, 3511140, 0.52
01/21/2026, 2597027, 1203035, 3800062, 0.46
01/22/2026, 2708694, 1103187, 3811881, 0.41
01/23/2026, 2659667, 1543642, 4203309, 0.58
01/26/2026, 1791258, 1000412, 2791670, 0.56
01/27/2026, 2020378, 1094648, 3115026, 0.54
01/28/2026, 2073578, 1179329, 3252907, 0.57
01/29/2026, 3110511, 1628995, 4739506, 0.52
01/30/2026, 3196656, 1844022, 5040678, 0.58
02/02/2026, 1958700, 1267965, 3226665, 0.65
02/03/2026, 2629804, 1402455, 4032259, 0.53
02/04/2026, 2610918, 1652511, 4263429, 0.63
02/05/2026, 2584255, 1669364, 4253619, 0.65
02/06/2026, 2871208, 1660944, 4532152, 0.58
02/09/2026, 2164305, 1305909, 3470214, 0.60
02/10/2026, 1603648, 1255024, 2858672, 0.78
02/11/2026, 2113434, 1408648, 3522082, 0.67
02/12/2026, 2267846, 1530003, 3797849, 0.67
02/13/2026, 2486062, 1497304, 3983366, 0.60
02/17/2026, 1822757, 1511347, 3334104, 0.83
02/18/2026, 1993521, 1384003, 3377524, 0.69
02/19/2026, 2088114, 1332876, 3420990, 0.64
02/20/2026, 3129974, 2042715, 5172689, 0.65
02/23/2026, 2330500, 1471305, 3801805, 0.63
02/24/2026, 1872335, 1159044, 3031379, 0.62
02/25/2026, 2224124, 1352240, 3576364, 0.61
02/26/2026, 2338486, 1368703, 3707189, 0.59
02/27/2026, 2890194, 1897477, 4787671, 0.66
03/02/2026, 2218446, 1483285, 3701731, 0.67
03/03/2026, 1817133, 1306288, 3123421, 0.72
03/04/2026, 2100006, 1373199, 3473205, 0.65
03/05/2026, 2001002, 1207059, 3208061, 0.60
03/06/2026, 2465044, 1660022, 4125066, 0.67
03/09/2026, 2034748, 1305835, 3340583, 0.64
03/10/2026, 2172484, 1240996, 3413480, 0.57
03/11/2026, 1891806, 1517011, 3408817, 0.80
03/12/2026, 2079852, 1405340, 3485192, 0.68
03/13/2026, 2281027, 1320099, 3601126, 0.58
03/16/2026, 1903654, 1444775, 3348429, 0.76
03/17/2026, 1709747, 1466886, 3176633, 0.86
03/18/2026, 1768901, 1597465, 3366366, 0.90
03/19/2026, 2378626, 1387227, 3765853, 0.58
03/20/2026, 2634156, 2125441, 4759597, 0.81
03/23/2026, 2171197, 1237637, 3408834, 0.57
03/24/2026, 2019919, 1162276, 3182195, 0.58
03/25/2026, 2286424, 1285625, 3572049, 0.56
03/26/2026, 2093745, 1316003, 3409748, 0.63
03/27/2026, 3057123, 1698593, 4755716, 0.56
03/30/2026, 1949249, 1287244, 3236493, 0.66
03/31/2026, 1827528, 1018552, 2846080, 0.56
04/01/2026, 1918513, 1217605, 3136118, 0.63
04/02/2026, 2150566, 1276519, 3427085, 0.59
04/06/2026, 1600590, 1083863, 2684453, 0.68
04/07/2026, 1509529, 1084819, 2594348, 0.72
04/08/2026, 2354903, 1312068, 3666971, 0.56
04/09/2026, 2415477, 1160025, 3575502, 0.48
04/10/2026, 2587512, 1328040, 3915552, 0.51
04/13/2026, 2103632, 1083852, 3187484, 0.52
04/14/2026, 2667131, 1325952, 3993083, 0.50
04/15/2026, 3046023, 1445596, 4491619, 0.47
04/16/2026, 2921220, 1301490, 4222710, 0.45
04/17/2026, 4234273, 1725274, 5959547, 0.41
04/20/2026, 2207747, 1199539, 3407286, 0.54
04/21/2026, 2186718, 1234511, 3421229, 0.56
04/22/2026, 2543125, 1230627, 3773752, 0.48
04/23/2026, 2772929, 1422319, 4195248, 0.51
04/24/2026, 3596939, 1924260, 5521199, 0.53
04/27/2026, 2861436, 1430953, 4292389, 0.50
04/28/2026, 2049624, 1060122, 3109746, 0.52
04/29/2026, 2370866, 1232559, 3603425, 0.52
04/30/2026, 2807850, 1305343, 4113193, 0.46
05/01/2026, 3346755, 1554743, 4901498, 0.46
05/04/2026, 2517020, 1355561, 3872581, 0.54
05/05/2026, 2663922, 1507237, 4171159, 0.57
05/06/2026, 3605679, 1842473, 5448152, 0.51
05/07/2026, 3061195, 1406566, 4467761, 0.46
05/08/2026, 3695561, 1954735, 5650296, 0.53
05/11/2026, 3626937, 1556972, 5183909, 0.43
05/12/2026, 2806998, 1376031, 4183029, 0.49
05/13/2026, 3345854, 1657212, 5003066, 0.50
05/14/2026, 3389958, 1721036, 5110994, 0.51
05/15/2026, 3243285, 1928868, 5172153, 0.59
05/18/2026, 2908794, 1479279, 4388073, 0.51
05/19/2026, 2097836, 1175510, 3273346, 0.56
05/20/2026, 2417772, 1175814, 3593586, 0.49
05/21/2026, 2507028, 1219535, 3726563, 0.49
05/22/2026, 3208894, 1760464, 4969358, 0.55
05/26/2026, 2960846, 1388890, 4349736, 0.47
05/27/2026, 2817219, 1212335, 4029554, 0.43
05/28/2026, 3421157, 1336066, 4757223, 0.39
05/29/2026, 4227007, 1780632, 6007639, 0.42
06/01/2026, 3429844, 1511326, 4941170, 0.44
06/02/2026, 3020358, 1302545, 4322903, 0.43
06/03/2026, 3336272, 1628576, 4964848, 0.49
06/04/2026, 2827891, 1236215, 4064106, 0.44
06/05/2026, 3428564, 2304832, 5733396, 0.67
06/08/2026, 2485525, 1293791, 3779316, 0.52
06/09/2026, 2822599, 1761377, 4583976, 0.62
06/10/2026, 2442124, 1604187, 4046311, 0.66
06/11/2026, 2598064, 1454199, 4052263, 0.56
06/12/2026, 3242298, 1760580, 5002878, 0.54
06/15/2026, 2762048, 1503990, 4266038, 0.54
06/16/2026, 2407406, 1413390, 3820796, 0.59
06/17/2026, 3248042, 1920726, 5168768, 0.59
06/18/2026, 3510642, 2051457, 5562099, 0.58
06/22/2026, 2837408, 1697450, 4534858, 0.60
06/23/2026, 2312156, 1284004, 3596160, 0.56
06/24/2026, 2481023, 1512219, 3993242, 0.61
06/25/2026, 2451946, 1632370, 4084316, 0.67
06/26/2026, 2851255, 2416366, 5267621, 0.85
06/29/2026, 2880260, 1693735, 4573995, 0.59
06/30/2026, 2337620, 1491391, 3829011, 0.64
07/01/2026, 2832120, 1949199, 4781319, 0.69
07/02/2026, 3654873, 1937643, 5592516, 0.53
07/06/2026, 2630754, 1634657, 4265411, 0.62
07/07/2026, 2091339, 1433974, 3525313, 0.69
07/08/2026, 2168422, 1867507, 4035929, 0.86
07/09/2026, 2408403, 1371710, 3780113, 0.57
07/10/2026, 3027527, 1673293, 4700820, 0.55
07/13/2026, 3037257, 2048756, 5086013, 0.67
07/14/2026, 2419739, 1503515, 3923254, 0.62
07/15/2026, 3318088, 2293731, 5611819, 0.69
07/16/2026, 2826531, 1904413, 4730944, 0.67
07/17/2026, 3084643, 2249331, 5333974, 0.73
07/20/2026, 2219427, 1463035, 3682462, 0.66
07/21/2026, 1919693, 1246771, 3166464, 0.65
07/22/2026, 2033485, 1363666, 3397151, 0.67
07/23/2026, 2326171, 1408920, 3735091, 0.61
07/24/2026, 2716358, 2149973, 4866331, 0.79
07/27/2026, 2197659, 1459922, 3657581, 0.66
07/28/2026, 1831831, 1292653, 3124484, 0.71
07/29/2026, 2166529, 1316441, 3482970, 0.61
07/30/2026, 2210946, 1347105, 3558051, 0.61
07/31/2026, 2367222, 1480429, 3847651, 0.63
08/03/2026, 2991553, 1645452, 4637005, 0.55
08/04/2026, 2592500, 1187856, 3780356, 0.46
08/05/2026, 2459217, 1475844, 3935061, 0.60
08/06/2026, 2088601, 1185562, 3274163, 0.57
08/07/2026, 2964835, 1599633, 4564468, 0.54
08/10/2026, 2393068, 1469985, 3863053, 0.61
08/11/2026, 1868704, 1172970, 3041674, 0.63
08/12/2026, 2221282, 1364951, 3586233, 0.61
08/13/2026, 2587098, 1533495, 4120593, 0.59
08/14/2026, 3168538, 1646535, 4815073, 0.52
08/17/2026, 2162367, 1394901, 3557268, 0.65
08/18/2026, 2439784, 1572047, 4011831, 0.64
08/19/2026, 2916050, 1504733, 4420783, 0.52
08/20/2026, 2755261, 1584740, 4340001, 0.58
08/21/2026, 3535632, 1811166, 5346798, 0.51
08/24/2026, 2091611, 1422757, 3514368, 0.68
08/25/2026, 1755910, 1009521, 2765431, 0.57
08/26/2026, 1884970, 1200896, 3085866, 0.64
08/27/2026, 3100690, 1209707, 4310397, 0.39
08/28/2026, 3055639, 1880977, 4936616, 0.62
08/31/2026, 2073559, 1459658, 3533217, 0.70
09/01/2026, 2149891, 1433085, 3582976, 0.67
09/02/2026, 2524943, 1401404, 3926347, 0.56
09/03/2026, 3111669, 1473628, 4585297, 0.47
09/04/2026, 3189180, 1845989, 5035169, 0.58
09/08/2026, 2695317, 1297497, 3992814, 0.48
09/09/2026, 2750934, 1845750, 4596684, 0.67
09/10/2026, 2380020, 1431502, 3811522, 0.60
09/11/2026, 2927213, 1695334, 4622547, 0.58
09/14/2026, 2581495, 1716826, 4298321, 0.67
09/15/2026, 2198898, 1239484, 3438382, 0.56
09/16/2026, 2335804, 1614247, 3950051, 0.69
09/17/2026, 2746490, 1432442, 4178932, 0.52
09/18/2026, 3493359, 2036627, 5529986, 0.58
09/21/2026, 3144451, 1663575, 4808026, 0.53
09/22/2026, 2460777, 1145629, 3606406, 0.47
09/23/2026, 2647370, 1205941, 3853311, 0.46
09/24/2026, 2187281, 1212705, 3399986, 0.55
09/25/2026, 2949196, 1536751, 4485947, 0.52
