observation_date,value,realtime_start,realtime_end
2022-11-11,-0.3728,2022-11-17,2022-11-23
2022-11-18,-0.2611,2022-11-24,2022-11-30
2022-11-25,-0.2560,2022-12-01,2022-12-07
2022-12-02,-0.0367,2022-12-08,2022-12-14
2022-12-09,0.2480,2022-12-15,2022-12-21
2022-12-16,0.4171,2022-12-22,2022-12-28
2022-12-23,0.0761,2022-12-29,2023-01-04
2022-12-30,-0.0134,2023-01-05,2023-01-11
2023-01-06,-0.0802,2023-01-12,2023-01-18
2023-01-13,-0.3061,2023-01-19,2023-01-25
2023-01-20,-0.3025,2023-01-26,2023-02-01
2023-01-27,-0.4892,2023-02-02,2023-02-08
2023-02-03,-0.5782,2023-02-09,2023-02-15
2023-02-10,-0.7704,2023-02-16,2023-02-22
2023-02-17,-0.5690,2023-02-23,2023-03-01
2023-02-24,-0.2324,2023-03-02,2023-03-08
2023-03-03,-0.4735,2023-03-09,2023-03-15
2023-03-10,-0.2879,2023-03-16,2023-03-22
2023-03-17,1.5746,2023-03-23,2023-03-29
2023-03-24,0.3406,2023-03-30,2023-04-05
2023-03-31,-0.3265,2023-04-06,2023-04-19
2023-04-07,-0.0086,2023-04-13,2023-04-19
2023-04-14,-0.5502,2023-04-20,2023-04-26
2023-04-21,-0.7184,2023-04-27,2023-05-03
2023-04-28,-0.2641,2023-05-04,2023-05-10
2023-05-05,-0.3460,2023-05-11,2023-05-17
2023-05-12,-0.5209,2023-05-18,2023-05-24
2023-05-19,-0.4794,2023-05-25,2023-05-31
2023-05-26,-0.6017,2023-06-01,2023-06-07
2023-06-02,-0.3689,2023-06-08,2023-06-14
2023-06-09,-0.6529,2023-06-15,2023-06-21
2023-06-16,-0.5672,2023-06-22,2023-06-28
2023-06-23,-0.5525,2023-06-29,2023-07-05
2023-06-30,-0.7117,2023-07-06,2023-07-12
2023-07-07,-0.7897,2023-07-13,2023-07-19
2023-07-14,-0.6724,2023-07-20,2023-07-26
2023-07-21,-0.7293,2023-07-27,2023-08-02
2023-07-28,-0.7956,2023-08-03,2023-08-09
2023-08-04,-0.7707,2023-08-10,2023-08-16
2023-08-11,-0.6801,2023-08-17,2023-08-23
2023-08-18,-0.6711,2023-08-24,2023-08-30
2023-08-25,-0.7220,2023-08-31,2023-09-06
2023-09-01,-0.6556,2023-09-07,2023-09-13
2023-09-08,-0.7535,2023-09-14,2023-09-20
2023-09-15,-0.6938,2023-09-21,2023-10-04
2023-09-22,-0.7316,2023-09-28,2023-10-04
2023-09-29,-0.5545,2023-10-05,2023-10-11
2023-10-06,-0.4893,2023-10-12,2023-10-18
2023-10-13,-0.4851,2023-10-19,2023-10-25
2023-10-20,-0.5136,2023-10-26,2023-11-01
2023-10-27,-0.3351,2023-11-02,2023-11-08
2023-11-03,-0.5559,2023-11-09,2023-11-15
2023-11-10,-0.6715,2023-11-16,2023-11-22
2023-11-17,-0.5468,2023-11-23,2023-11-29
2023-11-24,-0.6839,2023-11-30,2023-12-06
2023-12-01,-0.4440,2023-12-07,2023-12-13
2023-12-08,-0.4063,2023-12-14,2023-12-20
2023-12-15,-0.5182,2023-12-21,2023-12-27
2023-12-22,-0.4711,2023-12-28,2024-01-03
2023-12-29,-0.5546,2024-01-04,2024-01-10
2024-01-05,-0.5486,2024-01-11,2024-01-17
2024-01-12,-0.6798,2024-01-18,2024-01-24
2024-01-19,-0.8037,2024-01-25,2024-01-31
2024-01-26,-0.8163,2024-02-01,2024-02-14
2024-02-02,-0.7332,2024-02-08,2024-02-14
2024-02-09,-0.7855,2024-02-15,2024-02-21
2024-02-16,-0.8423,2024-02-22,2024-02-28
2024-02-23,-0.8666,2024-02-29,2024-03-06
2024-03-01,-0.7760,2024-03-07,2024-03-13
2024-03-08,-0.7718,2024-03-14,2024-03-20
2024-03-15,-0.9347,2024-03-21,2024-03-27
2024-03-22,-0.9372,2024-03-28,2024-04-03
2024-03-29,-0.9203,2024-04-04,2024-04-10
2024-04-05,-0.8663,2024-04-11,2024-04-17
2024-04-12,-0.8186,2024-04-18,2024-04-24
2024-04-19,-0.6062,2024-04-25,2024-05-01
2024-04-26,-0.8367,2024-05-02,2024-05-08
2024-05-03,-0.8302,2024-05-09,2024-05-15
2024-05-10,-0.9006,2024-05-16,2024-05-22
2024-05-17,-0.8993,2024-05-23,2024-05-29
2024-05-24,-0.9676,2024-05-30,2024-06-05
2024-05-31,-0.8634,2024-06-06,2024-06-12
2024-06-07,-0.8036,2024-06-13,2024-06-19
2024-06-14,-0.8508,2024-06-20,2024-06-26
2024-06-21,-0.7931,2024-06-27,2024-07-03
2024-06-28,-0.8121,2024-07-04,2024-07-10
2024-07-05,-0.8206,2024-07-11,2024-07-17
2024-07-12,-0.7898,2024-07-18,2024-07-24
2024-07-19,-0.7775,2024-07-25,2024-07-31
2024-07-26,-0.5959,2024-08-01,2024-08-07
2024-08-02,-0.2784,2024-08-08,2024-08-14
2024-08-09,-0.1432,2024-08-15,2024-08-21
2024-08-16,-0.7105,2024-08-22,2024-08-28
2024-08-23,-0.6143,2024-08-29,2024-09-04
2024-08-30,-0.6258,2024-09-05,2024-09-11
2024-09-06,-0.3763,2024-09-12,2024-09-18
2024-09-13,-0.2977,2024-09-19,2024-09-25
2024-09-20,-0.4285,2024-09-26,2024-10-02
2024-09-27,-0.3947,2024-10-03,2024-10-09
2024-10-04,-0.6174,2024-10-10,2024-10-16
2024-10-11,-0.6079,2024-10-17,2024-10-23
2024-10-18,-0.5358,2024-10-24,2024-10-30
2024-10-25,-0.4004,2024-10-31,2024-11-06
2024-11-01,-0.3062,2024-11-07,2024-11-13
2024-11-08,-0.5700,2024-11-14,2024-11-20
2024-11-15,-0.8092,2024-11-21,2024-12-04
2024-11-22,-0.6153,2024-11-28,2024-12-04
2024-11-29,-0.6083,2024-12-05,2024-12-11
2024-12-06,-0.5299,2024-12-12,2024-12-18
2024-12-13,-0.5906,2024-12-19,2024-12-25
2024-12-20,-0.5224,2024-12-26,2025-01-01
2024-12-27,-0.6404,2025-01-02,2025-01-08
2025-01-03,-0.6291,2025-01-09,2025-01-15
2025-01-10,-0.8199,2025-01-16,2025-01-22
2025-01-17,-0.8225,2025-01-23,2025-01-29
2025-01-24,-0.9762,2025-01-30,2025-02-05
2025-01-31,-0.7640,2025-02-06,2025-02-19
2025-02-07,-0.7872,2025-02-13,2025-02-19
2025-02-14,-0.8378,2025-02-20,2025-02-26
2025-02-21,-0.7601,2025-02-27,2025-03-05
2025-02-28,-0.4518,2025-03-06,2025-03-12
2025-03-07,-0.3601,2025-03-13,2025-03-19
2025-03-14,-0.2264,2025-03-20,2025-03-26
2025-03-21,-0.6489,2025-03-27,2025-04-02
2025-03-28,-0.6316,2025-04-03,2025-04-16
2025-04-04,0.0944,2025-04-10,2025-04-16
2025-04-11,0.5535,2025-04-17,2025-04-23
2025-04-18,-0.2104,2025-04-24,2025-04-30
2025-04-25,-0.2767,2025-05-01,2025-05-07
2025-05-02,-0.3478,2025-05-08,2025-05-14
2025-05-09,-0.4793,2025-05-15,2025-05-21
2025-05-16,-0.9036,2025-05-22,2025-05-28
2025-05-23,-0.5089,2025-05-29,2025-06-04
2025-05-30,-0.5433,2025-06-05,2025-06-11
2025-06-06,-0.8111,2025-06-12,2025-06-18
2025-06-13,-0.7856,2025-06-19,2025-06-25
2025-06-20,-0.6635,2025-06-26,2025-07-09
2025-06-27,-0.7036,2025-07-03,2025-07-16
2025-07-04,-0.8790,2025-07-10,2025-07-16
2025-07-11,-0.7526,2025-07-17,2025-07-23
2025-07-18,-0.7175,2025-07-24,2025-07-30
2025-07-25,-0.7950,2025-07-31,2025-08-06
2025-08-01,-0.6777,2025-08-07,2025-08-12
2025-08-08,-0.5681,2025-08-13,2025-08-19
2025-08-15,-0.8153,2025-08-20,2025-09-02
2025-08-22,-0.7505,2025-08-27,2025-09-02
2025-08-29,-0.7126,2025-09-03,2025-09-09
2025-09-05,-0.4211,2025-09-10,2025-09-16
2025-09-12,-0.5655,2025-09-17,2025-09-17
2025-09-19,-0.5903,2025-09-24,2025-09-30
2025-09-26,-0.534,2025-10-01,2025-10-07
2025-10-03,-0.4941,2025-10-08,2025-10-14
2025-10-10,-0.4834,2025-10-15,2025-10-21
2025-10-17,-0.3683,2025-10-22,2025-10-28
2025-10-24,-0.5081,2025-10-29,2025-11-04
2025-10-31,-0.5405,2025-11-05,2025-11-11
2025-11-07,-0.3091,2025-11-12,2025-11-18
2025-11-14,-0.5064,2025-11-19,2025-11-25
2025-11-21,-0.1331,2025-11-26,2025-12-02
2025-11-28,-0.3964,2025-12-03,2025-12-09
2025-12-05,-0.4257,2025-12-10,2025-12-16
2025-12-12,-0.3606,2025-12-17,2025-12-23
2025-12-19,-0.342,2025-12-24,2025-12-30
2025-12-26,-0.5822,2025-12-31,2026-01-13
2026-01-02,-0.5656,2026-01-07,2026-01-13
2026-01-09,-0.6644,2026-01-14,2026-01-20
2026-01-16,-0.651,2026-01-21,2026-01-27
2026-01-23,-0.7123,2026-01-28,2026-02-03
2026-01-30,-0.6784,2026-02-04,2026-02-10
2026-02-06,-0.6558,2026-02-11,2026-02-17
2026-02-13,-0.6208,2026-02-18,2026-02-24
2026-02-20,-0.5981,2026-02-25,2026-03-03
2026-02-27,-0.4436,2026-03-04,2026-03-10
2026-03-06,-0.4279,2026-03-11,2026-03-17
2026-03-13,-0.299,2026-03-18,2026-03-24
2026-03-20,-0.3677,2026-03-25,2026-03-31
2026-03-27,-0.1828,2026-04-01,2026-04-07
2026-04-03,-0.2412,2026-04-08,2026-04-14
2026-04-10,-0.6475,2026-04-15,2026-04-28
2026-04-17,-0.7584,2026-04-22,2026-04-28
2026-04-24,-0.6782,2026-04-29,2026-05-05
2026-05-01,-0.6702,2026-05-06,2026-05-12
2026-05-08,-0.7621,2026-05-13,2026-05-19
2026-05-15,-0.7404,2026-05-20,2026-05-26
2026-05-22,-0.7611,2026-05-27,2026-06-02
2026-05-29,-0.6885,2026-06-03,2026-06-09
2026-06-05,-0.8681,2026-06-10,2026-06-16
2026-06-12,-0.7698,2026-06-17,2026-06-23
2026-06-19,-0.9568,2026-06-24,2026-06-30
2026-06-26,-0.6445,2026-07-01,2026-07-07
2026-07-03,-0.7246,2026-07-08,2026-07-14
2026-07-10,-0.882,2026-07-15,2026-07-21
2026-07-17,-0.7011000000,2026-07-22,2026-07-28
2026-07-24,-0.8263000000,2026-07-29,2026-08-04
2026-07-31,-0.5063000000,2026-08-05,2026-08-11
2026-08-07,-0.7709000000,2026-08-12,2026-08-18
2026-08-14,-0.8285000000,2026-08-19,2026-08-25
2026-08-21,-0.8107,2026-08-26,2026-09-01
2026-08-28,-0.8526,2026-09-02,2026-09-08
2026-09-04,-0.7884,2026-09-09,2026-09-15
2026-09-11,-0.8477,2026-09-16,2026-09-22
2026-09-18,-0.9075,2026-09-23,9999-12-31
